Name,Address,City,State,Zip,URL,OrgType,ServiceArea,Services,Latitude,Longitude,Strategic Plan,Impact Report
ACT Lawrence,"15 Union St C, 4th Floor Suite 409",Lawrence,MA,1840,https://www.actlawrence.org,Non-profit organization,Human Services,"Adult Education, Economic Mobility, Workforce Development, Financial Literacy, Food Insecurity",42.7081,-71.1531,,
Bellesini Academy,94 Bradford Street,Lawrence,MA,1840,https://bellesiniacademy.org,K-12 School,Youth Education,"K-8 Education, Faith-based Education, Academic Support",42.7082754,-71.169141,,
Beyond Soccer,280 Merrimack Street,Lawrence,MA,1843,https://www.beyondsoccerlawrence.org,Non-profit organization,Youth Development,"Athletics, Youth Development, After School",42.7030541,-71.1475829,,https://www.beyondsoccerlawrence.org/our-story-3/impact/
Bread and Roses Housing,"15 Union Street, Suite 205",Lawrence,MA,1840,https://brhousing.org,Non-profit organization,Housing Insecurity,"Housing Insecurity, Homelessness, Affordable Housing",42.7081,-71.1531,,https://mycaf.org/annual-report/
Bread and Roses Kitchen,58 Newbury Street,Lawrence,MA,1840,https://breadandroseskitchen.org,Non-profit organization,Food Insecurity,"Food Insecurity, Food Pantry, Hunger Relief",42.7097136,-71.1558709,,https://breadandroseskitchen.org/impact-report
Children's Friend and Family Services- a division of JRI,"15 Union Street, Suite 200",Lawrence,MA,1840,https://www.childrensfriend.net,Non-profit organization,Mental and Behavioral Health,"Family Services, Child Welfare, Mental Health, Foster Care",42.7081,-71.1531,,
Community Giving Tree,572B Main Street,Boxford,MA,2191,https://www.communitygivingtree.org,Non-profit organization,"Family Services, Other: Basic needs","Basic Needs, Clothing, Diapers, Family Services, Toy Drive",42.6775596,-71.0394324,,
Community InRoads,190 Academy Road,North Andover,MA,1845,https://www.communityinroads.org,Non-profit organization,Non-Profit Support,"Capacity Building, Training, Consulting, Mentoring, Board Development, Economic Mobility, Workforce Development, Education",42.6843348,-71.1120036,,
EforAll,175 Cabot St. Suite 310,Lowell,MA,1854,https://eforall.org/ma/merrimack-valley,Non-profit organization,Economic Mobility,"Economic Mobility, Workforce Development, Entrepreneurship, Small Business, Financial Literacy",42.6414437,-71.3085329,,https://eforall.org/es/impacto/
Elevated Thought,"15 Union Street, #120",Lawrence,MA,1841,https://www.elevatedthought.org,Non-profit organization,Youth Development,"Arts and Culture, Youth Development, Creative Arts, After School",42.7081,-71.1531,,
Elliot Community Services,248 Broadway,Lawrence,MA,1840,https://www.eliotchs.org/services,Non-profit organization,Mental and Behavioral Health,"Mental Health, Family Services, Counseling, Behavioral Health",42.7094,-71.1658,,https://www.eliotchs.org/mission-and-impact-statements/
Esperanza Academy,198 Garden Street,Lawrence,MA,1840,https://esperanzaacademy.org,K-12 School,Youth Education,"Education, Youth Development, Middle School, Girls Education",42.708974,-71.1576232,,https://esperanzaacademy.org/impact
Essex County Habitat For Humanity,647 Andover Street,Lawrence,MA,1843,https://www.essexcountyhabitat.org/shop,Non-profit organization,Housing Insecurity,"Housing Insecurity, Homelessness, Home Repair, Affordable Housing, Home Ownership",42.6884892,-71.1783893,,
Family Services of Merrimack Valley/LMCC,430 North Canal Street,Lawrence,MA,1840,https://fsmv.org,Non-profit organization,Family Services,"Family Services, Counseling, Domestic Violence, Mental Health",42.7051143,-71.1643174,,https://fsmv.org/about-us/impact/
Greater Lawrence Community Action Council (GLCAC),305 Essex Street,Lawrence,MA,1840,https://www.glcac.org,Non-profit organization,Human Services,"Anti-Poverty Programs, Food Insecurity, Housing Assistance, Energy Assistance, Head Start, Social Services",42.7079147,-71.1617742,,https://www.glcac.org/about-us/
Greater Lawrence Community Boating,1 Eaton Street,Lawrence,MA,1843,http://www.boatingprogram.com,Non-profit organization,Youth Development,"After School, Out of School, Youth Development, Athletics, Water Sports",42.6923785,-71.1768125,,
Greater Lawrence Family Health,34 Haverhill Street,Lawrence,MA,1840,https://glfhc.org,Non-profit organization,Healthcare,"Healthcare, Primary Care, Dental Care, Behavioral Health, Maternal Health",42.7118653,-71.1519738,,https://glfhc.org/glfhc-annual-report-2025/
Greater Lawrence Fellowship of the Arts,78 Amesbury Street,Lawrence,MA,1840,https://www.greaterlawrencearts.org,Non-profit organization,Youth Development,"Arts and Culture, Creative Arts, Community Arts",42.7080227,-71.1642461,,
Greater Lawrence Technical School,57 River Road,Andover,MA,1810,https://www.glts.net,K-12 School,Education,"Education, Vocational Training, Workforce Development, Youth Development, Career Technical Education",42.6969634,-71.1980444,,https://www.glts.net/about-us/school-report-card
Groundwork Lawrence,50 Island Avenue,Lawrence,MA,1840,https://www.groundworklawrence.org,Non-profit organization,Environmental Justice,"Environmental Justice, Climate Change, Food Insecurity, Urban Agriculture, Public Health, Youth Development, Green Jobs",42.7057,-71.1531,,
Hands to Help,315 Turnpike Street,North Andover,MA,1845,https://www.merrimack.edu/about/offices_services/hands-to-help,Non-profit organization,Economic Mobility,"Adult Education, After School, College Prep, Economic Mobility, Workforce Development, Literacy, Social Services",42.6678835,-71.1209967,,
International Institute of Greater Lawrence,125 Amesbury Street,Lawrence,MA,1840,https://immigrationlawrence.org,Non-profit organization,Adult education,"Adult Education, ESL, Immigration, Legal Services, Literacy, Citizenship",42.709491,-71.1637744,,
Jeanne Geiger Crisis Center,2 Harris Street,Newburyport,MA,1950,https://jeannegeigercrisiscenter.org,Non-profit organization,Mental and Behavioral Health,"Domestic Violence, Intimate Partner Violence, Family Services, Youth Development, Sexual Assault, Crisis Intervention",42.8088448,-70.8714848,,https://jeannegeigercrisiscenter.org/get-help/survivor-services/
Lawrence Boys and Girls Club,136 Water Street,Lawrence,MA,1841,http://www.lawrencebgc.com,Non-profit organization,Youth Development,"Youth Development, After School, Athletics, Academic Support, Summer Programs",42.6993507,-71.1704022,,http://www.lawrencebgc.com/who-we-are/annual-reports-newsletters/
Lawrence Catholic Academy,101 Parker Street,Lawrence,MA,1841,https://www.lawrencecatholicacademy.net,K-12 School,Youth Education,"K-8 Education, Faith-based Education",42.6976779,-71.159655,,
Lawrence Community Works,168 Newbury Street,Lawrence,MA,1840,https://www.lawrencecommunityworks.org,Non-profit organization,Human Services,"Community Development, Housing, Workforce Development, Social Services, Civic Engagement",42.713494,-71.1559939,,
Lawrence General Hospital,1 General Street,Lawrence,MA,1841,https://www.lawrencegeneral.org,Healthcare System,Healthcare,"Healthcare, Emergency Care, Mental Health, Public Health, Substance Use, Maternity Care",42.7097143,-71.150077,,
Lawrence Partnership,420 Common Street,Lawrence,MA,1840,https://www.lawrencepartnership.org,Non-profit organization,Economic Mobility,"Economic Development, Workforce Development, Business Development, Job Creation",42.7066571,-71.1654068,,https://www.lawrencepartnership.org/vision
Lawrence Partnership for Transition to Employment (LPTE),420 Common Street,Lawrence,MA,1840,https://www.lawrencepartnership.org,Non-profit organization,Disability Support,"Disabilities, Transition to Employment, Job Training, Vocational Rehabilitation",42.7066571,-71.1654068,,
Lawrence Prospera- Quintana Center,404 Haverhill Street,Lawrence,MA,1840,https://www.lawrenceprospera.org/programs/maria-quintana-center,Non-profit organization,Adult education,"Adult Education, ESL, Job Training, Digital Literacy, Financial Literacy",42.7077659,-71.1721245,,https://www.lawrenceprospera.org/about-us/annual-reports
Lawrence Prospera- SISU,417 Canal Street,Lawrence,MA,1840,https://www.lawrenceprospera.org,Non-profit organization,Youth Development,"Adult Education, Criminal Justice, Reentry Programs, Economic Mobility, Youth Development, Workforce Development, Gang Prevention",42.7056268,-71.1631065,,https://www.lawrenceprospera.org/about-us/annual-reports
Lawrence Public Library,51 Lawrence Street,Lawrence,MA,1840,https://www.lawrencefreelibrary.org/227/Public-Library,Non-profit organization,Literacy,"Literacy, Adult Education, After School, Early Childhood, Digital Literacy, ESL",42.7107211,-71.1622146,,
Lawrence Public Schools,237 Essex Street,Lawrence,MA,1840,https://www.lawrence.k12.ma.us,Municipal Agency,Youth Education,"K-12 Education, Special Education, English Language Learning, After School",42.707818,-71.159831,https://www.lawrence.k12.ma.us/about/district/strategic-plan,https://www.lawrence.k12.ma.us/about/district/public-notification/department-of-elementary-and-secondary-education’s-office-of-public-school-integrated-monitoring-review-report
Lawrence YMCA,40 Lawrence Street,Lawrence,MA,1840,https://mvymca.org,Non-profit organization,Human Services,"After School, Athletics, Youth Development, Fitness, Swimming, Summer Camp",42.7092796,-71.1624396,,
Lazarus House Ministries,412 Hampshire Street,Lawrence,MA,1841,https://lazarushouse.org,Non-profit organization,Human Services,"Food Insecurity, Housing Insecurity, Homelessness, Emergency Shelter, Workforce Development, Food Pantry",42.7159135,-71.1715331,,https://lazarushouse.org/annual-report-2025/
MSPCC/Healthy Families,"15 Union Street, Building E Suite 115",Lawrence,MA,1840,https://www.mspcc.org/healthyfamilies,Non-profit organization,Human Services,"Capacity Building, Child Welfare, Early Childhood Development, Family Services, Home Visiting, Parenting Support",42.707,-71.1631,,https://www.mspcc.org/annual-reports/
Merrimack Valley Dream Center,60 Island Street,Lawrence,MA,1840,https://www.mvdreamcenter.org/,Non-profit organization,Homelessness,"Homelessness, Emergency Shelter, Housing, Transitional Housing",,,,
Merrimack River Watershed Council (MRVC),"60 Island Street, Suite 246",Lawrence,MA,1840,https://merrimack.org,Non-profit organization,Environmental Justice,"Environmental Justice, Climate Change, Watershed Conservation, Water Quality",42.7057,-71.1531,,
Merrimack Valley Food Bank,"1703 Middlesex Street, Lowell, MA 01851",Lawrence,MA,1840,https://mvfb.org,Non-profit organization,Food Insecurity,"Food Insecurity, Food Bank, Food Pantry, Hunger Relief",42.707,-71.1631,,https://mvfb.org/about-us/financial-information/
Northeast Justice Center,"50 Island Street, #203B",Lawrence,MA,1840,https://www.masslegalhelp.org,Non-profit organization,Legal services,"Legal Services, Immigration Law, Housing Law, Consumer Protection, Benefits Assistance",42.7057,-71.1531,,
Northern Essex Community College,100 Elliot Street,Haverhill,MA,1830,https://www.necc.mass.edu,Higher Education,Adult Education,"Higher Education, Adult Education, Workforce Development, College Access, ESL, GED",42.7777829,-71.0767724,https://necc.edu/about/strategic-plan-2022-2027/strategic-planning-process/,
Notre Dame Cristo Rey,203 Lawrence Street,Methuen,MA,1844,https://www.ndcrhs.org,Non-profit organization,Youth Education,"Education, College Prep, Work Study, High School",42.7264326,-71.1794906,,https://www.ndcrhs.org/about/impact-reports
Notre Dame Education Center,"354 Merrimack Street, #210",Lawrence,MA,1843,https://www.ndeclawrence.net,Non-profit organization,Adult education,"Adult Education, ESL, GED, Literacy, Citizenship Preparation",42.7044624,-71.1456074,,
Neighbors in Need,60 Island Street,Lawrence,MA,1840,https://needfood.org/,Non-profit organization,Food Insecurity,"Food Insecurity, Food Pantry, Basic Needs, Hunger Relief",,,,
Partners for Child Development,32 Osgood Street,Andover,MA,1810,https://www.mypcd.org,Non-profit organization,Early Intervention Services,"Early Intervention, ABA Therapy, Autism Services, Early Childhood Development, Special Needs",42.6300203,-71.180462,,
Phoenix Charter Academy,15 Union Street,Lawrence,MA,1840,https://www.phoenixcharteracademy.org,K-12 School,Youth Education,"Education, High School, College Prep, Credit Recovery",42.7080692,-71.1531095,,https://www.phoenixcharteracademy.org/our-impact/results/
Sarah's Place Adult Day Health Center,180 Water Street,Haverhill,MA,1830,https://sarahsplace.org,Non-profit organization,Elder Services,"Aging, Elder Services, Adult Day Care, Disabilities, Healthcare",42.7750546,-71.0707229,,
Sevita Health,280 Merrimack Street,Lawrence,MA,1840,https://www.sevitahealth.com,Non-profit organization,Mental and Behavioral Health,"Mental Health, Substance Use, Behavioral Health, Residential Support, Disabilities",42.7030541,-71.1475829,,https://sevitahealth.com/our-impact/
Si se puede!,68 Melvin St #12-17,Lawrence,MA,1840,https://www.ssplawrence.org,Non-profit organization,Youth Development,"After School, Youth Development, Tutoring, Academic Support",42.7079,-71.1618,,
Squash Busters,60 Island Street,Lawrence,MA,1840,https://www.squashbusters.org,Non-profit organization,Youth Development,"After School, Youth Development, Athletics, Squash, College Access",42.7056604,-71.1530802,,https://squashbusters.org/reports/
St. Mary's Parish,300 Haverhill Street,Lawrence,MA,1840,https://www.stmaryassumption-lawrence.org,Faith-based Organization,Faith Institution,"Faith-based Services, Community Outreach, Food Pantry, Social Services",42.709638,-71.1668725,,
St. Patrick's Catholic Church,118 S. Broadway,Lawrence,MA,1840,https://www.saintpatrickparish.com,Faith-based Organization,Faith Institution,"Faith-based Services, Community Outreach, Social Services",42.6969321,-71.1628596,,https://www.saintpatrickparish.com/2025-annual-report
Suenos Basketball,"4 Vandergrift St., Lawrence MA 01843",Lawrence,MA,1840,https://suenosbasketball.com,Non-profit organization,Youth Development,"Athletics, Basketball, Youth Development, After School",42.707,-71.1631,,
The Community Builders,"90 Jackson St, Lawrence MA 01841",Lawrence,MA,1840,https://tcbinc.org/,Non-profit organization,Homelessness,"Housing, Affordable Housing, Homelessness, Community Development, Property Management",42.707,-71.1631,,https://tcbinc.org/news-and-ideas/#impact
The Community Group,190 Hampshire Street,Lawrence,MA,1840,https://www.thecommunitygroupinc.org,Non-profit organization,Youth education,"Early Childhood Development, Child Care, Education, Youth Development, Head Start",42.7094677,-71.1677546,,
The Institute for Career Transitions,REMOTE,Lawrence,MA,1840,https://ictransitions.org,Non-profit organization,Economic Mobility,"Workforce Development, Career Coaching, Job Training, Economic Mobility",42.707,-71.1631,,
The Kindness Collaborative,5 Castle Heights Road,Andover,MA,1810,https://kindnesscollab.org,Non-profit organization,Human Services,"Family Services, Basic Needs, Social Services, Community Support",42.6658174,-71.1473871,,
The Psychological Center,11 Union Street,Lawrence,MA,1840,https://psychologicalcenter.com,Non-profit organization,Mental and Behavioral Health,"Mental Health, Substance Use, Counseling, Therapy, Behavioral Health",42.707302,-71.1535128,,
The Salvation Army Lawrence Corps,250 Haverhill Street,Lawrence,MA,1842,https://easternusa.salvationarmy.org/massachusetts/lawrence,Non-profit organization,Human Services,"Workforce Development, Faith-based Services, Food Insecurity, Housing Insecurity, Homelessness, Substance Use, Youth Development, Veterans Services, Emergency Assistance",42.7098636,-71.1638597,,
Top Notch Scholars,60 Island St Suite 200,Lawrence,MA,1840,https://topnotchscholars.org,Non-profit organization,Youth Development,"Youth Development, Tutoring, College Prep, Academic Support, Mentoring",42.7057,-71.1531,,
Uncommon Threads,60 Island Street,Lawrence,MA,1840,https://www.uncommonthreads.org,Non-profit organization,Other: Clothing/Personal Growth,"Clothing, Personal Growth, Workforce Development, Life Skills",42.7056604,-71.1530802,,
YWCA,38 Lawrence Street,Lawrence,MA,1840,https://ywcanema.org,Non-profit organization,Human Services,"Youth Development, After School, Early Childhood, Domestic Violence, Women's Services",42.709136,-71.1621655,,
Youth Development Organization,15 Union St Ste 500,Lawrence,MA,1840,https://www.ydolawrence.org,Non-profit organization,Youth Development,"Youth Development, Mentoring, After School, Leadership Development",42.7081,-71.1531,,
American Red Cross | Massachusetts Region,60 Island Street Suite 50,Lawrence,MA,1840,https://www.redcross.org/local/massachusetts.html,Non-profit organization,Human Services,"Disaster Relief, Emergency Assistance, Health and Safety Training, CPR Training, First Aid, Blood Services, Armed Forces Services, Community Preparedness",42.7056604,-71.1530802,,
City of Lawrence,200 Common Street,Lawrence,MA,1840,https://www.cityoflawrence.com,Municipal Agency,Human Services,"Public Health, Senior Services, Veterans Services, Community Development, Housing, Economic Development, Recreation, Public Safety",42.7066,-71.1654,,