RawService,Categories,Source
Academic Excellence,K-12 Academic Support,boss-draft-2026-09-08
Academic Overtime,K-12 Academic Support,boss-draft-2026-09-08
Academic Program (ages three through grade eight),Early Childhood & Child Care; K-12 Academic Support,boss-draft-2026-09-08
Academic Support,K-12 Academic Support,boss-draft-2026-09-08
Academic Tutoring and Homework Help,K-12 Academic Support,boss-draft-2026-09-08
Adopt-A-Block community outreach,Environmental Programs; Community Events & Public Life,boss-draft-2026-09-08
Adult Education,Adult Education & ESL,boss-draft-2026-09-08
Adult Faith Formation,Faith & Spiritual Services,boss-draft-2026-09-08
Adult Technical Training and Apprenticeship Programs,Employment & Workforce Training,boss-draft-2026-09-08
Advocacy,Legal & Immigration; Civic & Government Services,boss-draft-2026-09-08
Advocacy Services,Legal & Immigration; Civic & Government Services,boss-draft-2026-09-08
Affordable Housing Development,Housing & Economic Development,boss-draft-2026-09-08
After-School Activities,K-12 Academic Support; Youth Development & Mentoring,boss-draft-2026-09-08
Alleviate Hunger,Food Assistance,boss-draft-2026-09-08
Alumni Resources,College & Career Readiness,boss-draft-2026-09-08
Alumni Support Program,College & Career Readiness,boss-draft-2026-09-08
Art Gallery,Arts & Creative Programs,boss-draft-2026-09-08
Arts,Arts & Creative Programs,boss-draft-2026-09-08
Arts programs,Arts & Creative Programs,boss-draft-2026-09-08
Athletic Programs and Summer Conditioning,"Sports, Recreation & Fitness",boss-draft-2026-09-08
Athletics Programs,"Sports, Recreation & Fitness",boss-draft-2026-09-08
Autism Services,Disability & Aging Services,boss-draft-2026-09-08
Automotive Repair and Collision Services (Public),Employment & Workforce Training,boss-draft-2026-09-08
Back to School Program,Family Support & Child Welfare; Community Events & Public Life,boss-draft-2026-09-08
Baptism Services,Faith & Spiritual Services,boss-draft-2026-09-08
Basic Life Support training,Health Care (Clinical); Civic & Government Services,boss-draft-2026-09-08
Behavioral Health Services,Mental & Behavioral Health,boss-draft-2026-09-08
Beyond Resilient Girls Program,Youth Development & Mentoring,boss-draft-2026-09-08
Billing and Financial Counseling,Financial Counseling; Health Care (Clinical),boss-draft-2026-09-08
Blood Donation,Health Care (Clinical); Civic & Government Services,boss-draft-2026-09-08
Board Development and Training,Small Business & Nonprofit Support,boss-draft-2026-09-08
Boat Access for Members,"Sports, Recreation & Fitness",boss-draft-2026-09-08
Book clubs,Arts & Creative Programs; Civic & Government Services,boss-draft-2026-09-08
Breastfeeding and Bottle Feeding Support,Early Childhood & Child Care; Health Care (Clinical),boss-draft-2026-09-08
Bridge Ministry outreach and essential supplies,Homelessness & Emergency Shelter; Faith & Spiritual Services,boss-draft-2026-09-08
Brighten the Holidays,Clothing & Household Essentials; Community Events & Public Life,boss-draft-2026-09-08
Bus Route Information,Civic & Government Services,boss-draft-2026-09-08
Business & Computer Technology Programs,Employment & Workforce Training,boss-draft-2026-09-08
Business Partnerships for Community Impact,Small Business & Nonprofit Support,boss-draft-2026-09-08
Camp and Summer Programs,K-12 Academic Support; Youth Development & Mentoring,boss-draft-2026-09-08
Campus Ministry and Retreats,Faith & Spiritual Services,boss-draft-2026-09-08
Canoeing,"Sports, Recreation & Fitness",boss-draft-2026-09-08
Capacity Building,Small Business & Nonprofit Support,boss-draft-2026-09-08
Career Exploration,Employment & Workforce Training; College & Career Readiness,boss-draft-2026-09-08
Career Exploration Workshops,Employment & Workforce Training; College & Career Readiness,boss-draft-2026-09-08
Career and Technical Education Programs,Employment & Workforce Training; K-12 Academic Support,boss-draft-2026-09-08
Catering Services,Community Events & Public Life,boss-draft-2026-09-08
Celebrate Recovery program,Mental & Behavioral Health; Faith & Spiritual Services,boss-draft-2026-09-08
Cemetery Services,Faith & Spiritual Services,boss-draft-2026-09-08
Character & Leadership Development,Youth Development & Mentoring,boss-draft-2026-09-08
Character Development Programs,Youth Development & Mentoring,boss-draft-2026-09-08
Child Advocacy,Family Support & Child Welfare,boss-draft-2026-09-08
Child Care Professional Training and Workforce Development,Employment & Workforce Training; Early Childhood & Child Care,boss-draft-2026-09-08
Child Care Referrals and Resources,Early Childhood & Child Care,boss-draft-2026-09-08
Child Care Services,Early Childhood & Child Care,boss-draft-2026-09-08
Child Safety Training,Family Support & Child Welfare,boss-draft-2026-09-08
Child and Family Counseling,Mental & Behavioral Health; Family Support & Child Welfare,boss-draft-2026-09-08
Childcare Services,Early Childhood & Child Care,boss-draft-2026-09-08
Childhood Lead Poisoning Prevention,Health Care (Clinical); Family Support & Child Welfare,boss-draft-2026-09-08
Citizenship Exam preparation,Legal & Immigration,boss-draft-2026-09-08
Citizenship and Naturalization Services,Legal & Immigration,boss-draft-2026-09-08
Citizenship preparation and resources,Legal & Immigration,boss-draft-2026-09-08
City Forms & Records Access,Civic & Government Services,boss-draft-2026-09-08
Civic Transparency & Access,Civic & Government Services,boss-draft-2026-09-08
Climate Resilient Neighborhoods Initiative,Environmental Programs,boss-draft-2026-09-08
Coaching Certification,"Employment & Workforce Training; Sports, Recreation & Fitness",boss-draft-2026-09-08
Cognitive stimulation activities,Disability & Aging Services,boss-draft-2026-09-08
College & Career Planning,College & Career Readiness,boss-draft-2026-09-08
College Application and Financial Aid Support,College & Career Readiness,boss-draft-2026-09-08
College Counseling,College & Career Readiness,boss-draft-2026-09-08
College Enrollment and Graduation Support,College & Career Readiness,boss-draft-2026-09-08
College preparatory high school education,K-12 Academic Support; College & Career Readiness,boss-draft-2026-09-08
Combat Addiction,Mental & Behavioral Health,boss-draft-2026-09-08
Combined Sewer Overflow (CSO) Investigation,Environmental Programs,boss-draft-2026-09-08
Commercial Real Estate Development,Housing & Economic Development,boss-draft-2026-09-08
Community Engagement Workshops & Classes,Community Events & Public Life,boss-draft-2026-09-08
Community Engagement through Public Art Projects,Arts & Creative Programs; Community Events & Public Life,boss-draft-2026-09-08
Community Food Outreach,Food Assistance,boss-draft-2026-09-08
Community Gardens,Food Assistance; Environmental Programs,boss-draft-2026-09-08
Community Information & Engagement,Civic & Government Services,boss-draft-2026-09-08
Community Infrastructure and Public Space Development,Housing & Economic Development,boss-draft-2026-09-08
Community Kindness Media Production,Community Events & Public Life,boss-draft-2026-09-08
Community Market,Food Assistance,boss-draft-2026-09-08
Community Meals,Food Assistance,boss-draft-2026-09-08
Community Service Opportunities,Community Events & Public Life,boss-draft-2026-09-08
Community outings,Disability & Aging Services; Community Events & Public Life,boss-draft-2026-09-08
Competitive Youth Basketball Travel Teams (AAU Program),"Youth Development & Mentoring; Sports, Recreation & Fitness",boss-draft-2026-09-08
Connections to External Educational Programs,K-12 Academic Support; College & Career Readiness,boss-draft-2026-09-08
Construction & Carpentry Job Training (SISU Builds),Housing & Economic Development; Employment & Workforce Training,boss-draft-2026-09-08
Consumer Protection,Financial Counseling,boss-draft-2026-09-08
Cooking Classes,Food Assistance; Youth Development & Mentoring,boss-draft-2026-09-08
Coordinated Family & Community Engagement (CFCE),Early Childhood & Child Care,boss-draft-2026-09-08
Corporate Work Study Program,Employment & Workforce Training; College & Career Readiness,boss-draft-2026-09-08
Costello Urban Farm,Food Assistance; Environmental Programs,boss-draft-2026-09-08
Creative Writing Apprenticeship,Arts & Creative Programs,boss-draft-2026-09-08
Creative Writing instruction,Arts & Creative Programs,boss-draft-2026-09-08
Credit Counseling,Financial Counseling,boss-draft-2026-09-08
Crew and Rowing Teams,"Sports, Recreation & Fitness",boss-draft-2026-09-08
Culinary & Hospitality Programs,Employment & Workforce Training,boss-draft-2026-09-08
Cultural Inclusion Program,Youth Development & Mentoring; Civic & Government Services,boss-draft-2026-09-08
Curriculum and Instruction,K-12 Academic Support,boss-draft-2026-09-08
Daily meals and snacks,Food Assistance; Disability & Aging Services,boss-draft-2026-09-08
Dance and Movement instruction,Arts & Creative Programs,boss-draft-2026-09-08
Day Programs,Disability & Aging Services,boss-draft-2026-09-08
Diaper Distribution,Clothing & Household Essentials,boss-draft-2026-09-08
Direct Kindness Packages & Essential Goods Provision,Food Assistance; Clothing & Household Essentials,boss-draft-2026-09-08
Disability Support Services,Disability & Aging Services,boss-draft-2026-09-08
Disaster Preparedness Education,Civic & Government Services,boss-draft-2026-09-08
Disaster Services,Civic & Government Services,boss-draft-2026-09-08
Disease Prevention and Health Education,Health Care (Clinical),boss-draft-2026-09-08
Dual Enrollment,K-12 Academic Support; College & Career Readiness,boss-draft-2026-09-08
ENCOMPASS: Community and Collaboration for Foster Families,Family Support & Child Welfare,boss-draft-2026-09-08
ESL classes,Adult Education & ESL,boss-draft-2026-09-08
ESOL Classes,Adult Education & ESL,boss-draft-2026-09-08
ESOL classes,Adult Education & ESL,boss-draft-2026-09-08
Early Childhood Education (Head Start & Childcare),Early Childhood & Child Care,boss-draft-2026-09-08
Early Childhood Education Program (Woodbridge School),Early Childhood & Child Care,boss-draft-2026-09-08
Early Intervention Services,Early Childhood & Child Care; Disability & Aging Services,boss-draft-2026-09-08
Early Learning Education and Care,Early Childhood & Child Care,boss-draft-2026-09-08
Elderly Support Program,Disability & Aging Services,boss-draft-2026-09-08
Emergency Care,Health Care (Clinical),boss-draft-2026-09-08
Emergency Food Pantry,Food Assistance,boss-draft-2026-09-08
Emergency Services,Civic & Government Services,boss-draft-2026-09-08
Emergency Shelter,Homelessness & Emergency Shelter,boss-draft-2026-09-08
Emergency and Seasonal Clothing Provision,Clothing & Household Essentials,boss-draft-2026-09-08
Employment Services,Employment & Workforce Training,boss-draft-2026-09-08
Empower Youth,Youth Development & Mentoring,boss-draft-2026-09-08
Empowerment Pop-up Shopping Events,Clothing & Household Essentials; Community Events & Public Life,boss-draft-2026-09-08
Energy Bill Assistance (LIHEAP),Utility & Emergency Financial Aid,boss-draft-2026-09-08
English Language Learner (ELL) support,K-12 Academic Support; Adult Education & ESL,boss-draft-2026-09-08
English Learner Support Services,Adult Education & ESL,boss-draft-2026-09-08
Environmental Education,Environmental Programs,boss-draft-2026-09-08
Environmental Health and Environmental Justice,Health Care (Clinical); Environmental Programs,boss-draft-2026-09-08
Evening Study Program,K-12 Academic Support,boss-draft-2026-09-08
Evening of Giving,Community Events & Public Life,boss-draft-2026-09-08
Executive Roundtables for Nonprofit Leaders,Small Business & Nonprofit Support,boss-draft-2026-09-08
Exercise classes,"Disability & Aging Services; Sports, Recreation & Fitness",boss-draft-2026-09-08
Extended Day Program,Early Childhood & Child Care; K-12 Academic Support,boss-draft-2026-09-08
Extra-Curricular Activities,K-12 Academic Support; Youth Development & Mentoring,boss-draft-2026-09-08
FORMED (religious content platform),Faith & Spiritual Services,boss-draft-2026-09-08
Facilities Usage & Event Rental,Community Events & Public Life,boss-draft-2026-09-08
Family & Community Engagement Programs,Family Support & Child Welfare; Community Events & Public Life,boss-draft-2026-09-08
Family Partnership,Family Support & Child Welfare,boss-draft-2026-09-08
Family Resource Center,Family Support & Child Welfare,boss-draft-2026-09-08
Family Strengthening and Mental Health Services,Mental & Behavioral Health; Family Support & Child Welfare,boss-draft-2026-09-08
Farmer's Market,Food Assistance,boss-draft-2026-09-08
Female Hoops Leadership,"Youth Development & Mentoring; Sports, Recreation & Fitness",boss-draft-2026-09-08
Financial Aid and Scholarships,College & Career Readiness,boss-draft-2026-09-08
Financial Assistance,Utility & Emergency Financial Aid,boss-draft-2026-09-08
Financial Assistance Programs,Utility & Emergency Financial Aid,boss-draft-2026-09-08
Financial Literacy,Financial Counseling,boss-draft-2026-09-08
First-Time Homebuyer Education,Homebuyers and Renters Assistance,boss-draft-2026-09-08
Fiscal Agent Services,Small Business & Nonprofit Support,boss-draft-2026-09-08
Food Distribution Program,Food Assistance,boss-draft-2026-09-08
Food Pantry,Food Assistance,boss-draft-2026-09-08
Food Pantry Services,Food Assistance,boss-draft-2026-09-08
Food Rescue,Food Assistance,boss-draft-2026-09-08
Food Support for Vulnerable Communities,Food Assistance,boss-draft-2026-09-08
Foreclosure Prevention,Homebuyers and Renters Assistance,corrected
Foreclosure Prevention and Homeowner Counseling,Homebuyers and Renters Assistance,corrected
Foster Care Services,Family Support & Child Welfare,boss-draft-2026-09-08
Foster Care and Adoption Placement Services,Family Support & Child Welfare,boss-draft-2026-09-08
Foster/Kinship/Adoptive Family Trauma Support (Kid's Net),Family Support & Child Welfare,boss-draft-2026-09-08
Free Barber & Cosmetology Shop for Youth (SISU CUTZ),Youth Development & Mentoring; Clothing & Household Essentials,boss-draft-2026-09-08
Fresh Start Mobile Showers & Laundry Services,Homelessness & Emergency Shelter; Clothing & Household Essentials,boss-draft-2026-09-08
GED & Vocational Training for Young Adults Ages 16-24 (YouthBuild),Employment & Workforce Training; Adult Education & ESL,boss-draft-2026-09-08
GLTS Scholarship Programs,College & Career Readiness,boss-draft-2026-09-08
General Community & Family Support,Family Support & Child Welfare,boss-draft-2026-09-08
General Studies Programs,College & Career Readiness,boss-draft-2026-09-08
Geriatric Care,Health Care (Clinical); Disability & Aging Services,boss-draft-2026-09-08
Grab and Go,Food Assistance,boss-draft-2026-09-08
Graduate Success,College & Career Readiness,boss-draft-2026-09-08
Gynecology,Health Care (Clinical),boss-draft-2026-09-08
HOLA Podcast,Arts & Creative Programs; Civic & Government Services,boss-draft-2026-09-08
Hair and Beauty Salon Services (Public),Employment & Workforce Training,boss-draft-2026-09-08
Health Insurance Enrollment and Cost of Care Assistance,Financial Counseling; Health Care (Clinical),boss-draft-2026-09-08
Health Insurance Navigation,Health Care (Clinical),boss-draft-2026-09-08
Health Sciences Programs,Employment & Workforce Training; College & Career Readiness,boss-draft-2026-09-08
Health and family education and support,Health Care (Clinical); Family Support & Child Welfare,boss-draft-2026-09-08
Health literacy initiative,Health Care (Clinical),boss-draft-2026-09-08
Healthy Families Home-based Family Coaching Program,Early Childhood & Child Care; Family Support & Child Welfare,boss-draft-2026-09-08
Healthy Lifestyles Education,Health Care (Clinical); Youth Development & Mentoring,boss-draft-2026-09-08
Help Disaster Survivors,Civic & Government Services,boss-draft-2026-09-08
High School Placement Advising,K-12 Academic Support,boss-draft-2026-09-08
Home Energy Efficiency & Improvement,Utility & Emergency Financial Aid,boss-draft-2026-09-08
Home Fire Campaign,Civic & Government Services,boss-draft-2026-09-08
Home Health Aide training,Employment & Workforce Training; Disability & Aging Services,boss-draft-2026-09-08
Homebuyer Education and Counseling,Homebuyers and Renters Assistance,boss-draft-2026-09-08
Homeownership Assistance,Homebuyers and Renters Assistance,boss-draft-2026-09-08
Homilies Podcast,Faith & Spiritual Services,boss-draft-2026-09-08
Hospitalist Care,Health Care (Clinical),boss-draft-2026-09-08
Housing Assistance,Homebuyers and Renters Assistance,boss-draft-2026-09-08
Housing Development,Housing & Economic Development,boss-draft-2026-09-08
Human Services & Criminal Justice Programs,College & Career Readiness; Legal & Immigration,boss-draft-2026-09-08
Humanities & Communication Programs,College & Career Readiness,boss-draft-2026-09-08
IECMH Training,Employment & Workforce Training; Early Childhood & Child Care,boss-draft-2026-09-08
Immigration Assistance,Legal & Immigration,boss-draft-2026-09-08
In School Programs,K-12 Academic Support,boss-draft-2026-09-08
In-Home Support Services,Disability & Aging Services,boss-draft-2026-09-08
In-Hospital Patient Entertainment Channel,Health Care (Clinical),boss-draft-2026-09-08
Infant and Early Childhood Mental Health (IECMH) Services,Early Childhood & Child Care; Mental & Behavioral Health,boss-draft-2026-09-08
Internal Medicine,Health Care (Clinical),boss-draft-2026-09-08
International Tournaments,"Sports, Recreation & Fitness",boss-draft-2026-09-08
Interpreter Services,Legal & Immigration; Health Care (Clinical),boss-draft-2026-09-08
Juneteenth Arts and Awareness events,Arts & Creative Programs; Community Events & Public Life,boss-draft-2026-09-08
Juvenile Justice Services,Legal & Immigration; Youth Development & Mentoring,boss-draft-2026-09-08
K-12 Education,K-12 Academic Support,boss-draft-2026-09-08
K1-8 Charter Public School,K-12 Academic Support,boss-draft-2026-09-08
Kayaking,"Sports, Recreation & Fitness",boss-draft-2026-09-08
Kind Business Certification & Network,Small Business & Nonprofit Support,boss-draft-2026-09-08
Kindness Grants,Community Events & Public Life,boss-draft-2026-09-08
Know Your City Series,Small Business & Nonprofit Support; Civic & Government Services,boss-draft-2026-09-08
LP Network,Small Business & Nonprofit Support,boss-draft-2026-09-08
Laboratory Services,Health Care (Clinical),boss-draft-2026-09-08
Landlord/Tenant Rights & Responsibilities Workshops,Homebuyers and Renters Assistance,boss-draft-2026-09-08
Lawrence Festival of the Arts,Arts & Creative Programs; Community Events & Public Life,boss-draft-2026-09-08
Lawrence Youth Soccer,"Sports, Recreation & Fitness",boss-draft-2026-09-08
Leadership & Youth Jobs,Employment & Workforce Training; Youth Development & Mentoring,boss-draft-2026-09-08
Leadership Academy,Youth Development & Mentoring,boss-draft-2026-09-08
Library card services,Civic & Government Services,boss-draft-2026-09-08
Local Job Connection,Employment & Workforce Training,boss-draft-2026-09-08
Local governance and election information,Civic & Government Services,boss-draft-2026-09-08
MBTA Reduced Fares Assistance,Utility & Emergency Financial Aid; Civic & Government Services,boss-draft-2026-09-08
MV Small Business Coalition,Small Business & Nonprofit Support,boss-draft-2026-09-08
Mass and Confession,Faith & Spiritual Services,boss-draft-2026-09-08
MassAIMH Endorsement® Consultation and Support,Employment & Workforce Training; Early Childhood & Child Care,boss-draft-2026-09-08
Massachusetts Alliance for Foster Families (MAFF) Support,Family Support & Child Welfare,boss-draft-2026-09-08
Meal Program,Food Assistance,boss-draft-2026-09-08
Meal Services,Food Assistance,boss-draft-2026-09-08
Meal Trains,Food Assistance,boss-draft-2026-09-08
Medical Records Access,Health Care (Clinical),boss-draft-2026-09-08
Medical monitoring and medication administration,Health Care (Clinical); Disability & Aging Services,boss-draft-2026-09-08
Merrimack Valley Food Resiliency Partnership,Food Assistance,boss-draft-2026-09-08
Mindful Arts Summer Institute,Arts & Creative Programs,boss-draft-2026-09-08
Mindfulness and wellness practices workshops,Mental & Behavioral Health; Arts & Creative Programs,boss-draft-2026-09-08
Mobile Food Distribution,Food Assistance,boss-draft-2026-09-08
Mobile Pantry,Food Assistance,boss-draft-2026-09-08
Mommy and Me Music Time,Early Childhood & Child Care; Arts & Creative Programs,boss-draft-2026-09-08
Multilingual Learner Programs,K-12 Academic Support; Adult Education & ESL,boss-draft-2026-09-08
Music Composition / Songwriting / Production Instruction,Arts & Creative Programs,boss-draft-2026-09-08
Music Production/Sound Engineering/Podcasting (SISU BEATZ),Employment & Workforce Training; Arts & Creative Programs,boss-draft-2026-09-08
Music Therapy,Mental & Behavioral Health; Arts & Creative Programs,boss-draft-2026-09-08
National Honor Society,K-12 Academic Support,boss-draft-2026-09-08
Neighborhood Services,Civic & Government Services,boss-draft-2026-09-08
Nonprofit Consulting,Small Business & Nonprofit Support,boss-draft-2026-09-08
Nonprofit Management Workshops,Small Business & Nonprofit Support,boss-draft-2026-09-08
Nursing Assistant training,Employment & Workforce Training,boss-draft-2026-09-08
Nutrition Counseling,Food Assistance; Health Care (Clinical),boss-draft-2026-09-08
Nutrition Services,Food Assistance; Health Care (Clinical),boss-draft-2026-09-08
Obstetrics and Prenatal Care,Health Care (Clinical),boss-draft-2026-09-08
October Fun Fest,Community Events & Public Life,boss-draft-2026-09-08
One-on-One College Mentoring,College & Career Readiness,boss-draft-2026-09-08
Online Financial & Regulatory Services,Civic & Government Services,boss-draft-2026-09-08
Online Kindness Happenings Platform,Community Events & Public Life,boss-draft-2026-09-08
Online Learning Programs,College & Career Readiness,boss-draft-2026-09-08
Online adult education courses,Adult Education & ESL,boss-draft-2026-09-08
Operation Nourish,Food Assistance,boss-draft-2026-09-08
Out-of-School Time Enrichment,K-12 Academic Support; Youth Development & Mentoring,boss-draft-2026-09-08
Paddleboarding,"Sports, Recreation & Fitness",boss-draft-2026-09-08
Parent Education programs,Early Childhood & Child Care; Family Support & Child Welfare,boss-draft-2026-09-08
Parents as Teachers Program,Early Childhood & Child Care,boss-draft-2026-09-08
Parish Fellowship Groups,Faith & Spiritual Services,boss-draft-2026-09-08
Park Cleanups,Environmental Programs,boss-draft-2026-09-08
Patient Portal,Health Care (Clinical),boss-draft-2026-09-08
Paul Lefty Wennik Scholarship,College & Career Readiness,boss-draft-2026-09-08
Pediatric Care,Health Care (Clinical),boss-draft-2026-09-08
Pharmacy Residency Program,Employment & Workforce Training; Health Care (Clinical),boss-draft-2026-09-08
Pharmacy Services,Health Care (Clinical),boss-draft-2026-09-08
Photography and Videography Apprenticeship,Employment & Workforce Training; Arts & Creative Programs,boss-draft-2026-09-08
Physical and digital library collections access,Civic & Government Services,boss-draft-2026-09-08
Physician communication and coordination,Health Care (Clinical),boss-draft-2026-09-08
Post-Event Water Quality Testing,Environmental Programs,boss-draft-2026-09-08
Post-secondary success and transition support,College & Career Readiness,boss-draft-2026-09-08
Prayer Line,Faith & Spiritual Services,boss-draft-2026-09-08
Pre-School/Kindergarten Program,Early Childhood & Child Care,boss-draft-2026-09-08
Public Lectures & Cultural Events,Arts & Creative Programs; Civic & Government Services,boss-draft-2026-09-08
Public and Social Health,Health Care (Clinical); Civic & Government Services,boss-draft-2026-09-08
Recreation Promotion,"Sports, Recreation & Fitness; Environmental Programs",boss-draft-2026-09-08
Recreational/Youth Programs,"Youth Development & Mentoring; Sports, Recreation & Fitness",boss-draft-2026-09-08
Rehabilitation and Medical Services,Health Care (Clinical),boss-draft-2026-09-08
Religious Education,Faith & Spiritual Services,boss-draft-2026-09-08
Remote Styling (Threads to Go),Clothing & Household Essentials,boss-draft-2026-09-08
Rental Assistance and Counseling,Homelessness & Emergency Shelter; Homebuyers and Renters Assistance,boss-draft-2026-09-08
Rental Counseling,Homelessness & Emergency Shelter; Homebuyers and Renters Assistance,boss-draft-2026-09-08
Respite care,Disability & Aging Services,boss-draft-2026-09-08
Restaurant Dining Services (Public),Employment & Workforce Training,boss-draft-2026-09-08
Restorative Justice,Legal & Immigration; Youth Development & Mentoring,boss-draft-2026-09-08
Rigorous Academic Curriculum,K-12 Academic Support,boss-draft-2026-09-08
SAT Preparation,K-12 Academic Support; College & Career Readiness,boss-draft-2026-09-08
SNAP Outreach & Enrollment,Food Assistance,boss-draft-2026-09-08
STEM Education,K-12 Academic Support,boss-draft-2026-09-08
STEM programs,K-12 Academic Support,boss-draft-2026-09-08
Sacramental Preparation Programs,Faith & Spiritual Services,boss-draft-2026-09-08
Sailing Lessons,"Sports, Recreation & Fitness",boss-draft-2026-09-08
Saint Patrick Legacy Society,Faith & Spiritual Services,boss-draft-2026-09-08
Samaritans emotional support,Mental & Behavioral Health,boss-draft-2026-09-08
School Counseling and Mental Wellness Services,K-12 Academic Support; Mental & Behavioral Health,boss-draft-2026-09-08
School Safety Programs,K-12 Academic Support; Civic & Government Services,boss-draft-2026-09-08
Science & Lab Technology Programs,College & Career Readiness,boss-draft-2026-09-08
Screen Printing & Embroidery Training (SISU Prints),Employment & Workforce Training; Arts & Creative Programs,boss-draft-2026-09-08
Self-esteem Styling,Youth Development & Mentoring; Clothing & Household Essentials,boss-draft-2026-09-08
Senior Telehealth Services,Health Care (Clinical); Disability & Aging Services,boss-draft-2026-09-08
Service to the Armed Forces,Civic & Government Services,boss-draft-2026-09-08
Services for the blind and print-disabled,Disability & Aging Services; Civic & Government Services,boss-draft-2026-09-08
Sewing and Sustainable Fashion Apprenticeship,Employment & Workforce Training; Arts & Creative Programs,boss-draft-2026-09-08
Shuttle Ministry transportation to church,Faith & Spiritual Services,boss-draft-2026-09-08
Skills & Training Clinics,Employment & Workforce Training,boss-draft-2026-09-08
Social Justice Collective for Youth,Youth Development & Mentoring; Civic & Government Services,boss-draft-2026-09-08
Social Work assistance,Disability & Aging Services; Family Support & Child Welfare,boss-draft-2026-09-08
Soup Kitchen,Food Assistance,boss-draft-2026-09-08
Soup Meal Program,Food Assistance,boss-draft-2026-09-08
Special Cultural & Liturgical Events,Faith & Spiritual Services,boss-draft-2026-09-08
Special Education Day School (Anderson School),K-12 Academic Support; Disability & Aging Services,boss-draft-2026-09-08
Special Education and Student Support Services,K-12 Academic Support; Disability & Aging Services,boss-draft-2026-09-08
Special Education services,K-12 Academic Support; Disability & Aging Services,boss-draft-2026-09-08
Special Kindness Projects,Community Events & Public Life,boss-draft-2026-09-08
Specialized re-engagement programs for truants and dropouts,K-12 Academic Support; Youth Development & Mentoring,boss-draft-2026-09-08
Spiritual and Human Formation,Faith & Spiritual Services,boss-draft-2026-09-08
Sport & Wellness Camp,"Sports, Recreation & Fitness",boss-draft-2026-09-08
Squash and Fitness Training,"Sports, Recreation & Fitness",boss-draft-2026-09-08
Staff Recruitment and Professional Development,Small Business & Nonprofit Support,boss-draft-2026-09-08
Stations of the Cross,Faith & Spiritual Services,boss-draft-2026-09-08
Strengthening Families Newsletter,Family Support & Child Welfare,boss-draft-2026-09-08
Student Food Services,Food Assistance; K-12 Academic Support,boss-draft-2026-09-08
Student Health Services,K-12 Academic Support; Health Care (Clinical),boss-draft-2026-09-08
Student Leadership and Extracurricular Clubs,K-12 Academic Support; Youth Development & Mentoring,boss-draft-2026-09-08
Student performance and artistry showcases,Arts & Creative Programs,boss-draft-2026-09-08
Suicide and Crisis Lifeline,Mental & Behavioral Health,boss-draft-2026-09-08
Summer Camp,"Youth Development & Mentoring; Sports, Recreation & Fitness",boss-draft-2026-09-08
Summer Eats,Food Assistance,boss-draft-2026-09-08
Summer Enrichment,K-12 Academic Support,boss-draft-2026-09-08
Summer Enrichment Program,K-12 Academic Support,boss-draft-2026-09-08
Summer Intensive Art Program,Arts & Creative Programs,boss-draft-2026-09-08
Summer Program,Youth Development & Mentoring,boss-draft-2026-09-08
Summer programs,Youth Development & Mentoring,boss-draft-2026-09-08
Sunday Mass Livestream,Faith & Spiritual Services,boss-draft-2026-09-08
Support services for court-involved youth,Legal & Immigration; Youth Development & Mentoring,boss-draft-2026-09-08
Tax Preparation,Financial Counseling,boss-draft-2026-09-08
Technical Assistance Grants,Small Business & Nonprofit Support,boss-draft-2026-09-08
Technology access and equipment loans,Civic & Government Services,boss-draft-2026-09-08
Teen Sailing & Boathouse Training (CIT Program),"Youth Development & Mentoring; Sports, Recreation & Fitness",boss-draft-2026-09-08
Thanksgiving Food Program,Food Assistance,boss-draft-2026-09-08
Theater and Playwriting instruction,Arts & Creative Programs,boss-draft-2026-09-08
Thrift Store,Clothing & Household Essentials,boss-draft-2026-09-08
Translation Services,Legal & Immigration; Health Care (Clinical),boss-draft-2026-09-08
Transportation Services,Disability & Aging Services; Civic & Government Services,boss-draft-2026-09-08
Transportation services,Disability & Aging Services; Civic & Government Services,boss-draft-2026-09-08
Urban Tree Planting Program,Environmental Programs,boss-draft-2026-09-08
Valet Parking and Shuttle Service,Civic & Government Services; Community Events & Public Life,corrected
Venture Loan Fund,Small Business & Nonprofit Support,boss-draft-2026-09-08
Visual Art instruction,Arts & Creative Programs,boss-draft-2026-09-08
Visual Arts Apprenticeship,Arts & Creative Programs,boss-draft-2026-09-08
Visual and Performing Arts Programs,Arts & Creative Programs,boss-draft-2026-09-08
Vocational Training and Certifications,Employment & Workforce Training,boss-draft-2026-09-08
Volunteer Program Management,Small Business & Nonprofit Support,boss-draft-2026-09-08
Volunteer Recruitment and Placement for Nonprofits,Small Business & Nonprofit Support,boss-draft-2026-09-08
Voting & Elections,Civic & Government Services,boss-draft-2026-09-08
WIC Program,Food Assistance,boss-draft-2026-09-08
Walk-in Care,Health Care (Clinical),boss-draft-2026-09-08
Waste Management & Public Works,Civic & Government Services,boss-draft-2026-09-08
Water & Energy Utility Services,Utility & Emergency Financial Aid; Civic & Government Services,boss-draft-2026-09-08
Water Quality Monitoring,Environmental Programs,boss-draft-2026-09-08
Watershed Climate Resilience Planning,Environmental Programs,boss-draft-2026-09-08
Watershed Restoration Projects,Environmental Programs,boss-draft-2026-09-08
Website Accessibility Tools,Disability & Aging Services; Civic & Government Services,boss-draft-2026-09-08
Winter Futsal,"Sports, Recreation & Fitness",boss-draft-2026-09-08
Women's Empowerment Workshops,Employment & Workforce Training; Youth Development & Mentoring,boss-draft-2026-09-08
Workforce Analysis,Employment & Workforce Training,boss-draft-2026-09-08
Workforce Development,Employment & Workforce Training,boss-draft-2026-09-08
Workforce Development & Adult Education,Employment & Workforce Training; Adult Education & ESL,boss-draft-2026-09-08
Workforce Skill Development,Employment & Workforce Training,boss-draft-2026-09-08
Workforce Styling,Employment & Workforce Training; Clothing & Household Essentials,boss-draft-2026-09-08
Worship Services,Faith & Spiritual Services,boss-draft-2026-09-08
Youth Basketball & Life Skills Program for At-Risk Youth (SISU Basketball),"Youth Development & Mentoring; Sports, Recreation & Fitness",corrected
Youth Development Programs,Youth Development & Mentoring,boss-draft-2026-09-08
Youth Development programs,Youth Development & Mentoring,boss-draft-2026-09-08
Youth Employment,Employment & Workforce Training; Youth Development & Mentoring,boss-draft-2026-09-08
Youth Empowerment & Creative Arts Network (Movement City),Youth Development & Mentoring; Arts & Creative Programs,boss-draft-2026-09-08
Youth Housing Support,Homebuyers and Renters Assistance,boss-draft-2026-09-08
Youth Media Production,Youth Development & Mentoring; Arts & Creative Programs,boss-draft-2026-09-08
Youth Ministry Programs,Faith & Spiritual Services,boss-draft-2026-09-08
Youth Music Production,Arts & Creative Programs,boss-draft-2026-09-08
Youth Sports Nutrition & Wellness (Health Kicks!),"Health Care (Clinical); Sports, Recreation & Fitness",boss-draft-2026-09-08
Youth Sports Programs,"Sports, Recreation & Fitness",boss-draft-2026-09-08
Youth Vocational Skills Training,Employment & Workforce Training; Youth Development & Mentoring,boss-draft-2026-09-08
Youth Workforce Development,Employment & Workforce Training,boss-draft-2026-09-08
YouthBuild Program,Employment & Workforce Training; Adult Education & ESL,boss-draft-2026-09-08
Access to physical,,boss-draft-2026-09-08:needs-review
Advisory Services,,boss-draft-2026-09-08:needs-review
Community Resources,,boss-draft-2026-09-08:needs-review
Cultural Wealth,,boss-draft-2026-09-08:needs-review
Education,,boss-draft-2026-09-08:needs-review
Equip Individuals and Families,,boss-draft-2026-09-08:needs-review
Groups and Workshops,,boss-draft-2026-09-08:needs-review
Information assistance,,boss-draft-2026-09-08:needs-review
International Services,,boss-draft-2026-09-08:needs-review
Life and Health Services,,boss-draft-2026-09-08:needs-review
Material acquisition suggestions,,boss-draft-2026-09-08:needs-review
Programs at Phillips Academy,,boss-draft-2026-09-08:needs-review
Referral to Other Community Resources,,boss-draft-2026-09-08:needs-review
Residential Services,,boss-draft-2026-09-08:needs-review
Student,,boss-draft-2026-09-08:needs-review
Training & Certification,,boss-draft-2026-09-08:needs-review
Trainings,,boss-draft-2026-09-08:needs-review
YDO Kids program,,boss-draft-2026-09-08:needs-review
celebration programs,,boss-draft-2026-09-08:needs-review
entertainment,,boss-draft-2026-09-08:needs-review
music,,boss-draft-2026-09-08:needs-review
occupational,,boss-draft-2026-09-08:needs-review
speech therapies,,boss-draft-2026-09-08:needs-review
