Category,SpecificService,SpecificService_es,RawService,Source
Food Assistance,Food Pantry,Despensa de alimentos,Emergency Food Pantry,draft
Food Assistance,Food Pantry,Despensa de alimentos,Food Pantry,draft
Food Assistance,Food Pantry,Despensa de alimentos,Food Pantry Services,draft
Food Assistance,Food Pantry,Despensa de alimentos,Food Assistance for Families and Seniors,added-2026-09-28
Food Assistance,Food Pantry,Despensa de alimentos,Alleviate Hunger,draft
Food Assistance,Food Pantry,Despensa de alimentos,Food Support for Vulnerable Communities,draft
Food Assistance,Food Pantry,Despensa de alimentos,Community Food Outreach,draft
Food Assistance,Food Pantry,Despensa de alimentos,Direct Kindness Packages & Essential Goods Provision,draft
Food Assistance,Free Meals,Comidas gratis,Community Meals,draft
Food Assistance,Free Meals,Comidas gratis,Soup Kitchen,draft
Food Assistance,Free Meals,Comidas gratis,Soup Meal Program,draft
Food Assistance,Free Meals,Comidas gratis,Meal Services,draft
Food Assistance,Free Meals,Comidas gratis,Grab and Go,draft
Food Assistance,Free Meals,Comidas gratis,Daily meals and snacks,draft
Food Assistance,Free Meals,Comidas gratis,Meal Trains,draft
Food Assistance,Mobile Food Distribution,Distribución móvil de alimentos,Mobile Pantry,draft
Food Assistance,Mobile Food Distribution,Distribución móvil de alimentos,Mobile Food Distribution,draft
Food Assistance,Mobile Food Distribution,Distribución móvil de alimentos,Food Distribution Program,draft
Food Assistance,Mobile Food Distribution,Distribución móvil de alimentos,Operation Nourish,draft
Food Assistance,Mobile Food Distribution,Distribución móvil de alimentos,Community Market,draft
Food Assistance,School & Summer Meals for Kids,Comidas escolares y de verano para niños,Student Food Services,draft
Food Assistance,School & Summer Meals for Kids,Comidas escolares y de verano para niños,Nutrition Services,draft
Food Assistance,School & Summer Meals for Kids,Comidas escolares y de verano para niños,Meal Program,draft
Food Assistance,School & Summer Meals for Kids,Comidas escolares y de verano para niños,Summer Eats,draft
Food Assistance,Holiday Meals & Food Baskets,Comidas y canastas para días festivos,Thanksgiving Food Program,draft
Food Assistance,Holiday Meals & Food Baskets,Comidas y canastas para días festivos,Thanksgiving Basket Drive,added-2026-09-28
Food Assistance,Holiday Meals & Food Baskets,Comidas y canastas para días festivos,"Holiday and Family Support Events (Thanksgiving Dinner, Blessing Kits, Christmas Empowerment)",added-2026-09-28
Food Assistance,SNAP & WIC,SNAP y WIC,SNAP Outreach & Enrollment,draft
Food Assistance,SNAP & WIC,SNAP y WIC,WIC Program,draft
Food Assistance,Nutrition & Cooking Classes,Nutrición y clases de cocina,Nutrition Counseling,draft
Food Assistance,Nutrition & Cooking Classes,Nutrición y clases de cocina,Cooking Classes,draft
Food Assistance,Community Gardens & Farmers' Markets,Huertos comunitarios y mercados agrícolas,Community Gardens,draft
Food Assistance,Community Gardens & Farmers' Markets,Huertos comunitarios y mercados agrícolas,Costello Urban Farm,draft
Food Assistance,Community Gardens & Farmers' Markets,Huertos comunitarios y mercados agrícolas,Farmer's Market,draft
Food Assistance,Community Gardens & Farmers' Markets,Huertos comunitarios y mercados agrícolas,Merrimack Valley Food Resiliency Partnership,draft
Food Assistance,Food Rescue & Meal Packing,Rescate de alimentos y empaque de comidas,Food Rescue,draft
Food Assistance,Food Rescue & Meal Packing,Rescate de alimentos y empaque de comidas,Meal Packaging for Food Pantries and Shelters,added-2026-09-28
Clothing & Household Essentials,Free Clothing,Ropa gratis,Emergency and Seasonal Clothing Provision,draft
Clothing & Household Essentials,Free Clothing,Ropa gratis,Empowerment Pop-up Shopping Events,draft
Clothing & Household Essentials,Free Clothing,Ropa gratis,Clothing and Housewares Donation Drive,added-2026-09-28
Clothing & Household Essentials,Free Clothing,Ropa gratis,Remote Styling (Threads to Go),draft
Clothing & Household Essentials,Thrift & Resale Stores,Tiendas de segunda mano,Thrift Store,draft
Clothing & Household Essentials,Thrift & Resale Stores,Tiendas de segunda mano,ReStore Donations and Shopping,added-2026-09-28
Clothing & Household Essentials,Diapers & Baby Supplies,Pañales y artículos para bebé,Diaper Distribution,draft
Clothing & Household Essentials,Holiday Gifts & School Supplies,Regalos navideños y útiles escolares,Brighten the Holidays,draft
Clothing & Household Essentials,Holiday Gifts & School Supplies,Regalos navideños y útiles escolares,Holiday Gift Card Drive,added-2026-09-28
Clothing & Household Essentials,Holiday Gifts & School Supplies,Regalos navideños y útiles escolares,Back to School Supply Drive,added-2026-09-28
Clothing & Household Essentials,Essentials Packages,Paquetes de artículos esenciales,Direct Kindness Packages & Essential Goods Provision,draft
Clothing & Household Essentials,Showers & Laundry,Duchas y lavandería,Fresh Start Mobile Showers & Laundry Services,draft
Clothing & Household Essentials,Styling & Haircuts,Estilismo y cortes de pelo,Free Barber & Cosmetology Shop for Youth (SISU CUTZ),draft
Clothing & Household Essentials,Styling & Haircuts,Estilismo y cortes de pelo,Self-esteem Styling,draft
Clothing & Household Essentials,Styling & Haircuts,Estilismo y cortes de pelo,Workforce Styling,draft
Homelessness & Emergency Shelter,Emergency Shelter,Refugio de emergencia,Emergency Shelter,draft
Homelessness & Emergency Shelter,Emergency Shelter,Refugio de emergencia,Safe Shelter and Life Skills Programs,added-2026-09-28
Homelessness & Emergency Shelter,Transitional Housing,Vivienda de transición,Transitional Housing,added-2026-09-28
Homelessness & Emergency Shelter,Rent Help to Prevent Eviction,Ayuda con la renta para evitar el desalojo,Rental Assistance and Counseling,draft
Homelessness & Emergency Shelter,Rent Help to Prevent Eviction,Ayuda con la renta para evitar el desalojo,Rental Counseling,draft
Homelessness & Emergency Shelter,"Outreach, Showers & Laundry","Ayuda en la calle, duchas y lavandería",Fresh Start Mobile Showers & Laundry Services,draft
Homelessness & Emergency Shelter,"Outreach, Showers & Laundry","Ayuda en la calle, duchas y lavandería",Bridge Ministry outreach and essential supplies,draft
Homebuyers and Renters Assistance,Rent Help & Tenant Counseling,Ayuda con la renta y asesoría para inquilinos,Rental Assistance and Counseling,draft
Homebuyers and Renters Assistance,Rent Help & Tenant Counseling,Ayuda con la renta y asesoría para inquilinos,Rental Counseling,draft
Homebuyers and Renters Assistance,Rent Help & Tenant Counseling,Ayuda con la renta y asesoría para inquilinos,Housing Assistance,draft
Homebuyers and Renters Assistance,Rent Help & Tenant Counseling,Ayuda con la renta y asesoría para inquilinos,Youth Housing Support,draft
Homebuyers and Renters Assistance,Tenant Rights,Derechos de inquilinos,Landlord/Tenant Rights & Responsibilities Workshops,draft
Homebuyers and Renters Assistance,Tenant Rights,Derechos de inquilinos,Housing and Foreclosure Defense,added-2026-09-28
Homebuyers and Renters Assistance,Foreclosure Prevention,Prevención de ejecución hipotecaria,Foreclosure Prevention,draft
Homebuyers and Renters Assistance,Foreclosure Prevention,Prevención de ejecución hipotecaria,Foreclosure Prevention and Homeowner Counseling,draft
Homebuyers and Renters Assistance,Foreclosure Prevention,Prevención de ejecución hipotecaria,Housing and Foreclosure Defense,added-2026-09-28
Homebuyers and Renters Assistance,First-Time Homebuyer Help,Ayuda para comprar su primera casa,First-Time Homebuyer Education,draft
Homebuyers and Renters Assistance,First-Time Homebuyer Help,Ayuda para comprar su primera casa,Homebuyer Education and Counseling,draft
Homebuyers and Renters Assistance,First-Time Homebuyer Help,Ayuda para comprar su primera casa,Homeownership Assistance,draft
Homebuyers and Renters Assistance,First-Time Homebuyer Help,Ayuda para comprar su primera casa,Homeownership Program,added-2026-09-28
Utility & Emergency Financial Aid,Heating & Utility Bill Help,Ayuda con facturas de calefacción y servicios,Energy Bill Assistance (LIHEAP),draft
Utility & Emergency Financial Aid,Heating & Utility Bill Help,Ayuda con facturas de calefacción y servicios,Water & Energy Utility Services,draft
Utility & Emergency Financial Aid,Home Repair & Energy Efficiency,Reparaciones del hogar y eficiencia energética,Home Energy Efficiency & Improvement,draft
Utility & Emergency Financial Aid,Home Repair & Energy Efficiency,Reparaciones del hogar y eficiencia energética,Critical Home Repair Program,added-2026-09-28
Utility & Emergency Financial Aid,Reduced Bus & Train Fares,Tarifas reducidas de autobús y tren,MBTA Reduced Fares Assistance,draft
Utility & Emergency Financial Aid,Financial Assistance & Fee Discounts,Ayuda financiera y descuentos,Financial Assistance,draft
Utility & Emergency Financial Aid,Financial Assistance & Fee Discounts,Ayuda financiera y descuentos,Financial Assistance Programs,draft
Utility & Emergency Financial Aid,Financial Assistance & Fee Discounts,Ayuda financiera y descuentos,Membership Financial Assistance,added-2026-09-28
Utility & Emergency Financial Aid,Public Benefits Help,Ayuda con beneficios públicos,Public Benefits Assistance,added-2026-09-28
Financial Counseling,Tax Preparation,Preparación de impuestos,Tax Preparation,draft
Financial Counseling,Tax Preparation,Preparación de impuestos,Consumer and Tax Legal Help,added-2026-09-28
Financial Counseling,Credit & Money Management,Crédito y manejo del dinero,Credit Counseling,draft
Financial Counseling,Credit & Money Management,Crédito y manejo del dinero,Financial Literacy,draft
Financial Counseling,Consumer Protection,Protección al consumidor,Consumer Protection,draft
Financial Counseling,Consumer Protection,Protección al consumidor,Consumer and Tax Legal Help,added-2026-09-28
Financial Counseling,Medical Bill Help,Ayuda con facturas médicas,Billing and Financial Counseling,draft
Financial Counseling,Medical Bill Help,Ayuda con facturas médicas,Health Insurance Enrollment and Cost of Care Assistance,draft
Health Care (Clinical),Primary & Walk-in Care,Atención primaria y sin cita,Walk-in Care,draft
Health Care (Clinical),Primary & Walk-in Care,Atención primaria y sin cita,Internal Medicine,draft
Health Care (Clinical),Primary & Walk-in Care,Atención primaria y sin cita,Geriatric Care,draft
Health Care (Clinical),Primary & Walk-in Care,Atención primaria y sin cita,Student Health Services,draft
Health Care (Clinical),Hospital & Emergency Care,Hospital y emergencias,Emergency Care,draft
Health Care (Clinical),Hospital & Emergency Care,Hospital y emergencias,Hospitalist Care,draft
Health Care (Clinical),Hospital & Emergency Care,Hospital y emergencias,Patient Portal,draft
Health Care (Clinical),Hospital & Emergency Care,Hospital y emergencias,Medical Records Access,draft
Health Care (Clinical),Hospital & Emergency Care,Hospital y emergencias,In-Hospital Patient Entertainment Channel,draft
Health Care (Clinical),Children's Health,Salud infantil,Pediatric Care,draft
Health Care (Clinical),Children's Health,Salud infantil,Childhood Lead Poisoning Prevention,draft
Health Care (Clinical),Women's Health & Pregnancy,Salud de la mujer y embarazo,Gynecology,draft
Health Care (Clinical),Women's Health & Pregnancy,Salud de la mujer y embarazo,Obstetrics and Prenatal Care,draft
Health Care (Clinical),Women's Health & Pregnancy,Salud de la mujer y embarazo,Women's Health Services,added-2026-09-28
Health Care (Clinical),Women's Health & Pregnancy,Salud de la mujer y embarazo,Breastfeeding and Bottle Feeding Support,draft
Health Care (Clinical),Women's Health & Pregnancy,Salud de la mujer y embarazo,Early Intervention and Pregnancy Support,added-2026-09-28
Health Care (Clinical),Health Insurance Help,Ayuda con seguro médico,Health Insurance Enrollment and Cost of Care Assistance,draft
Health Care (Clinical),Health Insurance Help,Ayuda con seguro médico,Health Insurance Navigation,draft
Health Care (Clinical),Health Insurance Help,Ayuda con seguro médico,Billing and Financial Counseling,draft
Health Care (Clinical),Pharmacy & Lab Tests,Farmacia y análisis de laboratorio,Pharmacy Services,draft
Health Care (Clinical),Pharmacy & Lab Tests,Farmacia y análisis de laboratorio,Laboratory Services,draft
Health Care (Clinical),Pharmacy & Lab Tests,Farmacia y análisis de laboratorio,Pharmacy Residency Program,draft
Health Care (Clinical),Nutrition Counseling,Asesoría de nutrición,Nutrition Counseling,draft
Health Care (Clinical),Nutrition Counseling,Asesoría de nutrición,Nutrition Services,draft
Health Care (Clinical),Nutrition Counseling,Asesoría de nutrición,Youth Sports Nutrition & Wellness (Health Kicks!),draft
Health Care (Clinical),Health Education & Prevention,Educación y prevención de salud,Disease Prevention and Health Education,draft
Health Care (Clinical),Health Education & Prevention,Educación y prevención de salud,Health literacy initiative,draft
Health Care (Clinical),Health Education & Prevention,Educación y prevención de salud,Healthy Lifestyles Education,draft
Health Care (Clinical),Health Education & Prevention,Educación y prevención de salud,Health and family education and support,draft
Health Care (Clinical),Health Education & Prevention,Educación y prevención de salud,Public and Social Health,draft
Health Care (Clinical),Health Education & Prevention,Educación y prevención de salud,Environmental Health and Environmental Justice,draft
Health Care (Clinical),Health Education & Prevention,Educación y prevención de salud,Basic Life Support training,draft
Health Care (Clinical),"Physical, Occupational & Speech Therapy","Terapia física, ocupacional y del habla",Access to physical,reunited-fragment
Health Care (Clinical),"Physical, Occupational & Speech Therapy","Terapia física, ocupacional y del habla",occupational,reunited-fragment
Health Care (Clinical),"Physical, Occupational & Speech Therapy","Terapia física, ocupacional y del habla",speech therapies,reunited-fragment
Health Care (Clinical),"Physical, Occupational & Speech Therapy","Terapia física, ocupacional y del habla",Rehabilitation and Medical Services,draft
Health Care (Clinical),Senior & Home Medical Care,Atención médica para mayores y en casa,Senior Telehealth Services,draft
Health Care (Clinical),Senior & Home Medical Care,Atención médica para mayores y en casa,Medical monitoring and medication administration,draft
Health Care (Clinical),Senior & Home Medical Care,Atención médica para mayores y en casa,Physician communication and coordination,draft
Health Care (Clinical),Interpreters & Translation,Intérpretes y traducción,Interpreter Services,draft
Health Care (Clinical),Interpreters & Translation,Intérpretes y traducción,Translation Services,draft
Health Care (Clinical),Blood Donation,Donación de sangre,Blood Donation,draft
Mental & Behavioral Health,Counseling & Therapy,Consejería y terapia,"Mental Health Counseling (Individual, Group, and Family)",added-2026-09-28
Mental & Behavioral Health,Counseling & Therapy,Consejería y terapia,Behavioral Health Services,draft
Mental & Behavioral Health,Counseling & Therapy,Consejería y terapia,Community Behavioral Health Center Services,added-2026-09-28
Mental & Behavioral Health,Counseling & Therapy,Consejería y terapia,In-Home Therapy,added-2026-09-28
Mental & Behavioral Health,Counseling & Therapy,Consejería y terapia,Group Counseling,added-2026-09-28
Mental & Behavioral Health,Counseling & Therapy,Consejería y terapia,Individual and Family Counseling,added-2026-09-28
Mental & Behavioral Health,Children's & Family Mental Health,Salud mental infantil y familiar,Child and Family Counseling,draft
Mental & Behavioral Health,Children's & Family Mental Health,Salud mental infantil y familiar,Family Strengthening and Mental Health Services,draft
Mental & Behavioral Health,Children's & Family Mental Health,Salud mental infantil y familiar,Infant and Early Childhood Mental Health (IECMH) Services,draft
Mental & Behavioral Health,Children's & Family Mental Health,Salud mental infantil y familiar,Trauma-Focused Cognitive Behavioral Therapy (TF-CBT),added-2026-09-28
Mental & Behavioral Health,Children's & Family Mental Health,Salud mental infantil y familiar,Community Service Agency (CSA) Programs,added-2026-09-28
Mental & Behavioral Health,Children's & Family Mental Health,Salud mental infantil y familiar,School Counseling and Mental Wellness Services,draft
Mental & Behavioral Health,Children's & Family Mental Health,Salud mental infantil y familiar,Expressive and Nature-Based Therapies,added-2026-09-28
Mental & Behavioral Health,Children's & Family Mental Health,Salud mental infantil y familiar,Music Therapy,draft
Mental & Behavioral Health,Children's & Family Mental Health,Salud mental infantil y familiar,Therapeutic Mentoring,added-2026-09-28
Mental & Behavioral Health,Crisis Lines & Emotional Support,Líneas de crisis y apoyo emocional,24-Hour Crisis Hotline,added-2026-09-28
Mental & Behavioral Health,Crisis Lines & Emotional Support,Líneas de crisis y apoyo emocional,Suicide and Crisis Lifeline,draft
Mental & Behavioral Health,Crisis Lines & Emotional Support,Líneas de crisis y apoyo emocional,Samaritans emotional support,draft
Mental & Behavioral Health,Crisis Lines & Emotional Support,Líneas de crisis y apoyo emocional,Community Crisis Stabilization,added-2026-09-28
Mental & Behavioral Health,Addiction & Recovery,Adicciones y recuperación,Combat Addiction,draft
Mental & Behavioral Health,Addiction & Recovery,Adicciones y recuperación,Celebrate Recovery program,draft
Mental & Behavioral Health,Addiction & Recovery,Adicciones y recuperación,Outpatient Addiction Program,added-2026-09-28
Mental & Behavioral Health,Addiction & Recovery,Adicciones y recuperación,Recovery Support Services,added-2026-09-28
Mental & Behavioral Health,Addiction & Recovery,Adicciones y recuperación,Substance Use Education and Treatment,added-2026-09-28
Mental & Behavioral Health,Psychiatry & Medication,Psiquiatría y medicamentos,Psychiatric Services and Medication Clinic,added-2026-09-28
Mental & Behavioral Health,Psychiatry & Medication,Psiquiatría y medicamentos,Psychopharmacology,added-2026-09-28
Mental & Behavioral Health,Residential Treatment,Tratamiento residencial,Residential Programs,added-2026-09-28
Mental & Behavioral Health,Mindfulness & Wellness,Atención plena y bienestar,Mindfulness and wellness practices workshops,draft
Domestic & Sexual Violence Services,24-Hour Hotline,Línea de ayuda las 24 horas,24-Hour Crisis Hotline,added-2026-09-28
Domestic & Sexual Violence Services,Survivor Support,Apoyo para sobrevivientes,Domestic Violence Survivor Services,added-2026-09-28
Domestic & Sexual Violence Services,Survivor Support,Apoyo para sobrevivientes,Domestic Violence and Sexual Assault Support Services,added-2026-09-28
Domestic & Sexual Violence Services,Legal & Court Advocacy,Apoyo legal y en tribunales,Domestic Violence and Crime Victim Legal Advocacy,added-2026-09-28
Domestic & Sexual Violence Services,Legal & Court Advocacy,Apoyo legal y en tribunales,Court and Legal Advocacy,added-2026-09-28
Domestic & Sexual Violence Services,Prevention Education,Educación para la prevención,Intimate Partner Abuse Education,added-2026-09-28
Domestic & Sexual Violence Services,Prevention Education,Educación para la prevención,Youth Empowerment and Bystander Education,added-2026-09-28
Domestic & Sexual Violence Services,Prevention Education,Educación para la prevención,Children's Safety Program,added-2026-09-28
Disability & Aging Services,Adult Day Programs,Programas de día para adultos,Day Programs,draft
Disability & Aging Services,Adult Day Programs,Programas de día para adultos,Cognitive stimulation activities,draft
Disability & Aging Services,Adult Day Programs,Programas de día para adultos,Community outings,draft
Disability & Aging Services,Adult Day Programs,Programas de día para adultos,Daily meals and snacks,draft
Disability & Aging Services,Adult Day Programs,Programas de día para adultos,Exercise classes,draft
Disability & Aging Services,Adult Day Programs,Programas de día para adultos,Social Work assistance,draft
Disability & Aging Services,Adult Day Programs,Programas de día para adultos,Medical monitoring and medication administration,draft
Disability & Aging Services,Adult Day Programs,Programas de día para adultos,music,reunited-fragment
Disability & Aging Services,Adult Day Programs,Programas de día para adultos,entertainment,reunited-fragment
Disability & Aging Services,Adult Day Programs,Programas de día para adultos,celebration programs,reunited-fragment
Disability & Aging Services,Respite & In-Home Support,Relevo para cuidadores y apoyo en casa,Respite care,draft
Disability & Aging Services,Respite & In-Home Support,Relevo para cuidadores y apoyo en casa,In-Home Support Services,draft
Disability & Aging Services,Programs for Older Adults,Programas para adultos mayores,Active Older Adult Programs,added-2026-09-28
Disability & Aging Services,Programs for Older Adults,Programas para adultos mayores,Elderly Support Program,draft
Disability & Aging Services,Programs for Older Adults,Programas para adultos mayores,Geriatric Care,draft
Disability & Aging Services,Programs for Older Adults,Programas para adultos mayores,Senior Telehealth Services,draft
Disability & Aging Services,Disability & Autism Services,Servicios de discapacidad y autismo,Disability Support Services,draft
Disability & Aging Services,Disability & Autism Services,Servicios de discapacidad y autismo,Autism Services,draft
Disability & Aging Services,Disability & Autism Services,Servicios de discapacidad y autismo,Services for the blind and print-disabled,draft
Disability & Aging Services,Disability & Autism Services,Servicios de discapacidad y autismo,Website Accessibility Tools,draft
Disability & Aging Services,Early Intervention,Intervención temprana,Early Intervention Services,draft
Disability & Aging Services,Special Education,Educación especial,Special Education Day School (Anderson School),draft
Disability & Aging Services,Special Education,Educación especial,Special Education and Student Support Services,draft
Disability & Aging Services,Special Education,Educación especial,Special Education services,draft
Disability & Aging Services,"Physical, Occupational & Speech Therapy","Terapia física, ocupacional y del habla",Access to physical,reunited-fragment
Disability & Aging Services,"Physical, Occupational & Speech Therapy","Terapia física, ocupacional y del habla",occupational,reunited-fragment
Disability & Aging Services,"Physical, Occupational & Speech Therapy","Terapia física, ocupacional y del habla",speech therapies,reunited-fragment
Disability & Aging Services,Transportation,Transporte,Transportation Services,draft
Disability & Aging Services,Caregiver Training,Capacitación para cuidadores,Home Health Aide training,draft
Family Support & Child Welfare,Foster Care & Adoption,Hogares de crianza y adopción,Foster Care Services,draft
Family Support & Child Welfare,Foster Care & Adoption,Hogares de crianza y adopción,Foster Care and Adoption Placement Services,draft
Family Support & Child Welfare,Foster Care & Adoption,Hogares de crianza y adopción,Foster/Kinship/Adoptive Family Trauma Support (Kid's Net),draft
Family Support & Child Welfare,Foster Care & Adoption,Hogares de crianza y adopción,ENCOMPASS: Community and Collaboration for Foster Families,draft
Family Support & Child Welfare,Foster Care & Adoption,Hogares de crianza y adopción,Massachusetts Alliance for Foster Families (MAFF) Support,draft
Family Support & Child Welfare,Parenting Support & Home Visits,Apoyo para padres y visitas al hogar,Parent Education programs,draft
Family Support & Child Welfare,Parenting Support & Home Visits,Apoyo para padres y visitas al hogar,Healthy Families Home-based Family Coaching Program,draft
Family Support & Child Welfare,Parenting Support & Home Visits,Apoyo para padres y visitas al hogar,Family Support and Training,added-2026-09-28
Family Support & Child Welfare,Parenting Support & Home Visits,Apoyo para padres y visitas al hogar,Strengthening Families Newsletter,draft
Family Support & Child Welfare,Parenting Support & Home Visits,Apoyo para padres y visitas al hogar,Health and family education and support,draft
Family Support & Child Welfare,Family Counseling,Consejería familiar,Child and Family Counseling,draft
Family Support & Child Welfare,Family Counseling,Consejería familiar,Family Strengthening and Mental Health Services,draft
Family Support & Child Welfare,Family Counseling,Consejería familiar,Individual and Family Counseling,added-2026-09-28
Family Support & Child Welfare,Family Counseling,Consejería familiar,Group Counseling,added-2026-09-28
Family Support & Child Welfare,Family Resource Centers,Centros de recursos para familias,Family Resource Center,draft
Family Support & Child Welfare,Family Resource Centers,Centros de recursos para familias,General Community & Family Support,draft
Family Support & Child Welfare,Family Resource Centers,Centros de recursos para familias,"Resident Services (Childcare Access, Food Access, Digital Inclusion)",added-2026-09-28
Family Support & Child Welfare,Family Resource Centers,Centros de recursos para familias,Social Work assistance,draft
Family Support & Child Welfare,Child Safety & Advocacy,Seguridad y defensa de los niños,Child Advocacy,draft
Family Support & Child Welfare,Child Safety & Advocacy,Seguridad y defensa de los niños,Child Safety Training,draft
Family Support & Child Welfare,Child Safety & Advocacy,Seguridad y defensa de los niños,Children's Safety Program,added-2026-09-28
Family Support & Child Welfare,Child Safety & Advocacy,Seguridad y defensa de los niños,Childhood Lead Poisoning Prevention,draft
Family Support & Child Welfare,School & Family Engagement,Participación de la familia en la escuela,Family & Community Engagement Programs,draft
Family Support & Child Welfare,School & Family Engagement,Participación de la familia en la escuela,Family Partnership,draft
Family Support & Child Welfare,School & Family Engagement,Participación de la familia en la escuela,Back to School Program,draft
Early Childhood & Child Care,Child Care,Cuidado infantil,Child Care (Infant Through School-Age),added-2026-09-28
Early Childhood & Child Care,Child Care,Cuidado infantil,Child Care Services,draft
Early Childhood & Child Care,Child Care,Cuidado infantil,Childcare Services,draft
Early Childhood & Child Care,Child Care,Cuidado infantil,Early Learning and Child Care,added-2026-09-28
Early Childhood & Child Care,Child Care,Cuidado infantil,Early Learning Education and Care,draft
Early Childhood & Child Care,Child Care,Cuidado infantil,Early Childhood Education (Head Start & Childcare),draft
Early Childhood & Child Care,Child Care,Cuidado infantil,Extended Day Program,draft
Early Childhood & Child Care,Preschool & Head Start,Preescolar y Head Start,Early Childhood Education (Head Start & Childcare),draft
Early Childhood & Child Care,Preschool & Head Start,Preescolar y Head Start,Early Childhood Education Program (Woodbridge School),draft
Early Childhood & Child Care,Preschool & Head Start,Preescolar y Head Start,Pre-School/Kindergarten Program,draft
Early Childhood & Child Care,Preschool & Head Start,Preescolar y Head Start,Academic Program (ages three through grade eight),draft
Early Childhood & Child Care,Help Finding Child Care,Ayuda para encontrar cuidado infantil,Child Care Referrals and Resources,draft
Early Childhood & Child Care,Help Finding Child Care,Ayuda para encontrar cuidado infantil,Coordinated Family & Community Engagement (CFCE),draft
Early Childhood & Child Care,Early Intervention & Infant Mental Health,Intervención temprana y salud mental infantil,Early Intervention Services,draft
Early Childhood & Child Care,Early Intervention & Infant Mental Health,Intervención temprana y salud mental infantil,Infant and Early Childhood Mental Health (IECMH) Services,draft
Early Childhood & Child Care,Parent & Baby Programs,Programas para padres y bebés,Parents as Teachers Program,draft
Early Childhood & Child Care,Parent & Baby Programs,Programas para padres y bebés,Healthy Families Home-based Family Coaching Program,draft
Early Childhood & Child Care,Parent & Baby Programs,Programas para padres y bebés,Mommy and Me Music Time,draft
Early Childhood & Child Care,Parent & Baby Programs,Programas para padres y bebés,Breastfeeding and Bottle Feeding Support,draft
Early Childhood & Child Care,Parent & Baby Programs,Programas para padres y bebés,Parent Education programs,draft
Early Childhood & Child Care,Training for Child Care Providers,Capacitación para proveedores de cuidado infantil,Child Care Professional Training and Workforce Development,draft
Early Childhood & Child Care,Training for Child Care Providers,Capacitación para proveedores de cuidado infantil,IECMH Training,draft
Early Childhood & Child Care,Training for Child Care Providers,Capacitación para proveedores de cuidado infantil,MassAIMH Endorsement® Consultation and Support,draft
K-12 Academic Support,Tutoring & Homework Help,Tutoría y ayuda con tareas,Academic Tutoring and Homework Help,draft
K-12 Academic Support,Tutoring & Homework Help,Tutoría y ayuda con tareas,Academic Support,draft
K-12 Academic Support,Tutoring & Homework Help,Tutoría y ayuda con tareas,Academic Overtime,draft
K-12 Academic Support,Tutoring & Homework Help,Tutoría y ayuda con tareas,Evening Study Program,draft
K-12 Academic Support,After-School Programs,Programas después de la escuela,After School Program,added-2026-09-28
K-12 Academic Support,After-School Programs,Programas después de la escuela,After-School Activities,draft
K-12 Academic Support,After-School Programs,Programas después de la escuela,After-School and Summer Programs,added-2026-09-28
K-12 Academic Support,After-School Programs,Programas después de la escuela,Extended Day Program,draft
K-12 Academic Support,After-School Programs,Programas después de la escuela,Out-of-School Time Enrichment,draft
K-12 Academic Support,After-School Programs,Programas después de la escuela,Extra-Curricular Activities,draft
K-12 Academic Support,After-School Programs,Programas después de la escuela,Student Leadership and Extracurricular Clubs,draft
K-12 Academic Support,After-School Programs,Programas después de la escuela,In School Programs,draft
K-12 Academic Support,Summer Learning,Aprendizaje de verano,Summer Enrichment,draft
K-12 Academic Support,Summer Learning,Aprendizaje de verano,Summer Enrichment Program,draft
K-12 Academic Support,Summer Learning,Aprendizaje de verano,Camp and Summer Programs,draft
K-12 Academic Support,Summer Learning,Aprendizaje de verano,After-School and Summer Programs,added-2026-09-28
K-12 Academic Support,STEM Programs,Programas de ciencia y tecnología (STEM),STEM Education,draft
K-12 Academic Support,STEM Programs,Programas de ciencia y tecnología (STEM),STEM programs,draft
K-12 Academic Support,STEM Programs,Programas de ciencia y tecnología (STEM),Girls STEM Center,added-2026-09-28
K-12 Academic Support,Schools,Escuelas,K-12 Education,draft
K-12 Academic Support,Schools,Escuelas,K1-8 Charter Public School,draft
K-12 Academic Support,Schools,Escuelas,College preparatory high school education,draft
K-12 Academic Support,Schools,Escuelas,Academic Program (ages three through grade eight),draft
K-12 Academic Support,Schools,Escuelas,Rigorous Academic Curriculum,draft
K-12 Academic Support,Schools,Escuelas,Academic Excellence,draft
K-12 Academic Support,Schools,Escuelas,Curriculum and Instruction,draft
K-12 Academic Support,Schools,Escuelas,Career and Technical Education Programs,draft
K-12 Academic Support,Schools,Escuelas,National Honor Society,draft
K-12 Academic Support,English Learner Support,Apoyo para estudiantes de inglés,English Language Learner (ELL) support,draft
K-12 Academic Support,English Learner Support,Apoyo para estudiantes de inglés,Multilingual Learner Programs,draft
K-12 Academic Support,Special Education,Educación especial,Special Education Day School (Anderson School),draft
K-12 Academic Support,Special Education,Educación especial,Special Education and Student Support Services,draft
K-12 Academic Support,Special Education,Educación especial,Special Education services,draft
K-12 Academic Support,"School Counseling, Health & Safety","Consejería, salud y seguridad escolar",School Counseling and Mental Wellness Services,draft
K-12 Academic Support,"School Counseling, Health & Safety","Consejería, salud y seguridad escolar",Student Health Services,draft
K-12 Academic Support,"School Counseling, Health & Safety","Consejería, salud y seguridad escolar",Student Food Services,draft
K-12 Academic Support,"School Counseling, Health & Safety","Consejería, salud y seguridad escolar",School Safety Programs,draft
K-12 Academic Support,High School & College Prep,Preparación para la secundaria y la universidad,High School Placement Advising,draft
K-12 Academic Support,High School & College Prep,Preparación para la secundaria y la universidad,SAT Preparation,draft
K-12 Academic Support,High School & College Prep,Preparación para la secundaria y la universidad,Dual Enrollment,draft
K-12 Academic Support,High School & College Prep,Preparación para la secundaria y la universidad,Connections to External Educational Programs,draft
K-12 Academic Support,Help Returning to School,Ayuda para volver a la escuela,Specialized re-engagement programs for truants and dropouts,draft
Youth Development & Mentoring,Mentoring,Mentoría,Mentoring and Internships,added-2026-09-28
Youth Development & Mentoring,Mentoring,Mentoría,Therapeutic Mentoring,added-2026-09-28
Youth Development & Mentoring,Mentoring,Mentoría,Youth Development Programs,draft
Youth Development & Mentoring,Leadership & Confidence Programs,Programas de liderazgo y autoestima,Character & Leadership Development,draft
Youth Development & Mentoring,Leadership & Confidence Programs,Programas de liderazgo y autoestima,Character Development Programs,draft
Youth Development & Mentoring,Leadership & Confidence Programs,Programas de liderazgo y autoestima,Leadership Academy,draft
Youth Development & Mentoring,Leadership & Confidence Programs,Programas de liderazgo y autoestima,Youth Leadership Academy,added-2026-09-28
Youth Development & Mentoring,Leadership & Confidence Programs,Programas de liderazgo y autoestima,Female Hoops Leadership,draft
Youth Development & Mentoring,Leadership & Confidence Programs,Programas de liderazgo y autoestima,Beyond Resilient Girls Program,draft
Youth Development & Mentoring,Leadership & Confidence Programs,Programas de liderazgo y autoestima,Women's Empowerment Workshops,draft
Youth Development & Mentoring,Leadership & Confidence Programs,Programas de liderazgo y autoestima,Empower Youth,draft
Youth Development & Mentoring,Leadership & Confidence Programs,Programas de liderazgo y autoestima,Youth Board,added-2026-09-28
Youth Development & Mentoring,Leadership & Confidence Programs,Programas de liderazgo y autoestima,Student Leadership and Extracurricular Clubs,draft
Youth Development & Mentoring,Leadership & Confidence Programs,Programas de liderazgo y autoestima,Self-esteem Styling,draft
Youth Development & Mentoring,After-School & Teen Programs,Programas después de la escuela y para adolescentes,After-School Activities,draft
Youth Development & Mentoring,After-School & Teen Programs,Programas después de la escuela y para adolescentes,Out-of-School Time Enrichment,draft
Youth Development & Mentoring,After-School & Teen Programs,Programas después de la escuela y para adolescentes,Extra-Curricular Activities,draft
Youth Development & Mentoring,After-School & Teen Programs,Programas después de la escuela y para adolescentes,Recreational/Youth Programs,draft
Youth Development & Mentoring,After-School & Teen Programs,Programas después de la escuela y para adolescentes,Teen Center (Leadership and Academic Workshops),added-2026-09-28
Youth Development & Mentoring,After-School & Teen Programs,Programas después de la escuela y para adolescentes,Cooking Classes,draft
Youth Development & Mentoring,After-School & Teen Programs,Programas después de la escuela y para adolescentes,Healthy Lifestyles Education,draft
Youth Development & Mentoring,After-School & Teen Programs,Programas después de la escuela y para adolescentes,Free Barber & Cosmetology Shop for Youth (SISU CUTZ),draft
Youth Development & Mentoring,Summer Camps,Campamentos de verano,Camp and Summer Programs,draft
Youth Development & Mentoring,Summer Camps,Campamentos de verano,Summer Camp,draft
Youth Development & Mentoring,Summer Camps,Campamentos de verano,Summer Day Camps,added-2026-09-28
Youth Development & Mentoring,Summer Camps,Campamentos de verano,Summer Program with Field Trips,added-2026-09-28
Youth Development & Mentoring,Summer Camps,Campamentos de verano,Summer Programs,draft
Youth Development & Mentoring,Youth Jobs & Job Training,Empleos y capacitación para jóvenes,Leadership & Youth Jobs,draft
Youth Development & Mentoring,Youth Jobs & Job Training,Empleos y capacitación para jóvenes,Youth Employment,draft
Youth Development & Mentoring,Youth Jobs & Job Training,Empleos y capacitación para jóvenes,Youth Vocational Skills Training,draft
Youth Development & Mentoring,Youth Sports,Deportes juveniles,Competitive Youth Basketball Travel Teams (AAU Program),draft
Youth Development & Mentoring,Youth Sports,Deportes juveniles,Youth Basketball & Life Skills Program for At-Risk Youth (SISU Basketball),draft
Youth Development & Mentoring,Youth Sports,Deportes juveniles,Teen Sailing & Boathouse Training (CIT Program),draft
Youth Development & Mentoring,Youth Arts & Media,Arte y medios para jóvenes,Youth Empowerment & Creative Arts Network (Movement City),draft
Youth Development & Mentoring,Youth Arts & Media,Arte y medios para jóvenes,Youth Media Production,draft
Youth Development & Mentoring,Youth Arts & Media,Arte y medios para jóvenes,Social Justice Collective for Youth,draft
Youth Development & Mentoring,Youth Arts & Media,Arte y medios para jóvenes,Cultural Inclusion Program,draft
Youth Development & Mentoring,Support for Court-Involved Youth,Apoyo para jóvenes con casos judiciales,Juvenile Justice Services,draft
Youth Development & Mentoring,Support for Court-Involved Youth,Apoyo para jóvenes con casos judiciales,Restorative Justice,draft
Youth Development & Mentoring,Support for Court-Involved Youth,Apoyo para jóvenes con casos judiciales,Support services for court-involved youth,draft
Youth Development & Mentoring,Support for Court-Involved Youth,Apoyo para jóvenes con casos judiciales,Specialized re-engagement programs for truants and dropouts,draft
Youth Development & Mentoring,Community Service,Servicio comunitario,Alternative Spring Break Service Trips,added-2026-09-28
Youth Development & Mentoring,Community Service,Servicio comunitario,Community Service Events,added-2026-09-28
Youth Development & Mentoring,Community Service,Servicio comunitario,MLK Day of Service,added-2026-09-28
College & Career Readiness,College Advising & Applications,Asesoría y solicitudes universitarias,College Counseling,draft
College & Career Readiness,College Advising & Applications,Asesoría y solicitudes universitarias,College Application and Financial Aid Support,draft
College & Career Readiness,College Advising & Applications,Asesoría y solicitudes universitarias,College & Career Planning,draft
College & Career Readiness,College Advising & Applications,Asesoría y solicitudes universitarias,One-on-One College Mentoring,draft
College & Career Readiness,College Advising & Applications,Asesoría y solicitudes universitarias,College and Career Pathways Academy,added-2026-09-28
College & Career Readiness,College Advising & Applications,Asesoría y solicitudes universitarias,Post-secondary success and transition support,draft
College & Career Readiness,College Advising & Applications,Asesoría y solicitudes universitarias,College Enrollment and Graduation Support,draft
College & Career Readiness,College Advising & Applications,Asesoría y solicitudes universitarias,Graduate Success,draft
College & Career Readiness,Scholarships & Financial Aid,Becas y ayuda financiera,Financial Aid and Scholarships,draft
College & Career Readiness,Scholarships & Financial Aid,Becas y ayuda financiera,GLTS Scholarship Programs,draft
College & Career Readiness,Scholarships & Financial Aid,Becas y ayuda financiera,Paul Lefty Wennik Scholarship,draft
College & Career Readiness,Scholarships & Financial Aid,Becas y ayuda financiera,College Application and Financial Aid Support,draft
College & Career Readiness,Test Prep & College Classes in High School,Preparación de exámenes y clases universitarias en la secundaria,SAT Preparation,draft
College & Career Readiness,Test Prep & College Classes in High School,Preparación de exámenes y clases universitarias en la secundaria,Dual Enrollment,draft
College & Career Readiness,Test Prep & College Classes in High School,Preparación de exámenes y clases universitarias en la secundaria,College preparatory high school education,draft
College & Career Readiness,Test Prep & College Classes in High School,Preparación de exámenes y clases universitarias en la secundaria,Connections to External Educational Programs,draft
College & Career Readiness,Career Exploration,Exploración de carreras,Career Exploration,draft
College & Career Readiness,Career Exploration,Exploración de carreras,Career Exploration Workshops,draft
College & Career Readiness,Career Exploration,Exploración de carreras,Corporate Work Study Program,draft
College & Career Readiness,Community College Programs,Programas del colegio comunitario,General Studies Programs,draft
College & Career Readiness,Community College Programs,Programas del colegio comunitario,Health Sciences Programs,draft
College & Career Readiness,Community College Programs,Programas del colegio comunitario,Human Services & Criminal Justice Programs,draft
College & Career Readiness,Community College Programs,Programas del colegio comunitario,Humanities & Communication Programs,draft
College & Career Readiness,Community College Programs,Programas del colegio comunitario,Online Learning Programs,draft
College & Career Readiness,Community College Programs,Programas del colegio comunitario,Science & Lab Technology Programs,draft
College & Career Readiness,Alumni Support,Apoyo para exalumnos,Alumni Resources,draft
College & Career Readiness,Alumni Support,Apoyo para exalumnos,Alumni Support Program,draft
Adult Education & ESL,English Classes (ESL),Clases de inglés (ESL),ESL classes,draft
Adult Education & ESL,English Classes (ESL),Clases de inglés (ESL),ESOL Classes,draft
Adult Education & ESL,English Classes (ESL),Clases de inglés (ESL),English Learner Support Services,draft
Adult Education & ESL,English Classes (ESL),Clases de inglés (ESL),English Language Learner (ELL) support,draft
Adult Education & ESL,English Classes (ESL),Clases de inglés (ESL),Multilingual Learner Programs,draft
Adult Education & ESL,GED & High School Equivalency,GED y equivalencia de secundaria,GED & Vocational Training for Young Adults Ages 16-24 (YouthBuild),draft
Adult Education & ESL,GED & High School Equivalency,GED y equivalencia de secundaria,YouthBuild Program,draft
Adult Education & ESL,Adult Education Classes,Clases para adultos,Adult Education,draft
Adult Education & ESL,Adult Education Classes,Clases para adultos,Online adult education courses,draft
Adult Education & ESL,Adult Education Classes,Clases para adultos,Workforce Development & Adult Education,draft
Employment & Workforce Training,Job Search Help,Ayuda para buscar empleo,Employment Services,draft
Employment & Workforce Training,Job Search Help,Ayuda para buscar empleo,Local Job Connection,draft
Employment & Workforce Training,Job Search Help,Ayuda para buscar empleo,Peer Support for Career Transitions,added-2026-09-28
Employment & Workforce Training,Job Search Help,Ayuda para buscar empleo,Workforce Development,draft
Employment & Workforce Training,Job Search Help,Ayuda para buscar empleo,Career Resource Library,added-2026-09-28
Employment & Workforce Training,Job Training & Certificates,Capacitación laboral y certificados,Vocational Training and Certifications,draft
Employment & Workforce Training,Job Training & Certificates,Capacitación laboral y certificados,Workforce Skill Development,draft
Employment & Workforce Training,Job Training & Certificates,Capacitación laboral y certificados,Workforce Development & Adult Education,draft
Employment & Workforce Training,Job Training & Certificates,Capacitación laboral y certificados,Adult Technical Training and Apprenticeship Programs,draft
Employment & Workforce Training,Job Training & Certificates,Capacitación laboral y certificados,Career and Technical Education Programs,draft
Employment & Workforce Training,Job Training & Certificates,Capacitación laboral y certificados,Business & Computer Technology Programs,draft
Employment & Workforce Training,Job Training & Certificates,Capacitación laboral y certificados,Culinary & Hospitality Programs,draft
Employment & Workforce Training,,,Skills & Training Clinics,draft
Employment & Workforce Training,Job Training & Certificates,Capacitación laboral y certificados,Coaching Certification,draft
Employment & Workforce Training,Health & Care Careers,Carreras en salud y cuidado,Nursing Assistant training,draft
Employment & Workforce Training,Health & Care Careers,Carreras en salud y cuidado,Home Health Aide training,draft
Employment & Workforce Training,Health & Care Careers,Carreras en salud y cuidado,Health Sciences Programs,draft
Employment & Workforce Training,Health & Care Careers,Carreras en salud y cuidado,Pharmacy Residency Program,draft
Employment & Workforce Training,Health & Care Careers,Carreras en salud y cuidado,Child Care Professional Training and Workforce Development,draft
Employment & Workforce Training,Health & Care Careers,Carreras en salud y cuidado,IECMH Training,draft
Employment & Workforce Training,Health & Care Careers,Carreras en salud y cuidado,MassAIMH Endorsement® Consultation and Support,draft
Employment & Workforce Training,Trades & Apprenticeships,Oficios y aprendizajes,Construction & Carpentry Job Training (SISU Builds),draft
Employment & Workforce Training,Trades & Apprenticeships,Oficios y aprendizajes,Adult Technical Training and Apprenticeship Programs,draft
Employment & Workforce Training,Trades & Apprenticeships,Oficios y aprendizajes,Screen Printing & Embroidery Training (SISU Prints),draft
Employment & Workforce Training,Trades & Apprenticeships,Oficios y aprendizajes,Sewing and Sustainable Fashion Apprenticeship,draft
Employment & Workforce Training,Trades & Apprenticeships,Oficios y aprendizajes,Photography and Videography Apprenticeship,draft
Employment & Workforce Training,Trades & Apprenticeships,Oficios y aprendizajes,Music Production/Sound Engineering/Podcasting (SISU BEATZ),draft
Employment & Workforce Training,Youth Jobs & Training,Empleos y capacitación para jóvenes,Youth Employment,draft
Employment & Workforce Training,Youth Jobs & Training,Empleos y capacitación para jóvenes,Leadership & Youth Jobs,draft
Employment & Workforce Training,Youth Jobs & Training,Empleos y capacitación para jóvenes,Youth Vocational Skills Training,draft
Employment & Workforce Training,Youth Jobs & Training,Empleos y capacitación para jóvenes,Youth Workforce Development,draft
Employment & Workforce Training,Youth Jobs & Training,Empleos y capacitación para jóvenes,YouthBuild Program,draft
Employment & Workforce Training,Youth Jobs & Training,Empleos y capacitación para jóvenes,GED & Vocational Training for Young Adults Ages 16-24 (YouthBuild),draft
Employment & Workforce Training,Youth Jobs & Training,Empleos y capacitación para jóvenes,Corporate Work Study Program,draft
Employment & Workforce Training,Career Exploration,Exploración de carreras,Career Exploration,draft
Employment & Workforce Training,Career Exploration,Exploración de carreras,Career Exploration Workshops,draft
Employment & Workforce Training,Interview Clothing & Confidence,Ropa para entrevistas y confianza,Workforce Styling,draft
Employment & Workforce Training,Interview Clothing & Confidence,Ropa para entrevistas y confianza,Women's Empowerment Workshops,draft
Employment & Workforce Training,"Auto, Salon & Dining Services by Students","Servicios de auto, salón y restaurante por estudiantes",Automotive Repair and Collision Services (Public),draft
Employment & Workforce Training,"Auto, Salon & Dining Services by Students","Servicios de auto, salón y restaurante por estudiantes",Hair and Beauty Salon Services (Public),draft
Employment & Workforce Training,"Auto, Salon & Dining Services by Students","Servicios de auto, salón y restaurante por estudiantes",Restaurant Dining Services (Public),draft
Employment & Workforce Training,Services for Employers,Servicios para empleadores,Workforce Analysis,draft
Employment & Workforce Training,Services for Employers,Servicios para empleadores,Labor Market Advocacy,added-2026-09-28
Legal & Immigration,Immigration Legal Help,Ayuda legal de inmigración,Immigration Assistance,draft
Legal & Immigration,Immigration Legal Help,Ayuda legal de inmigración,Immigration Legal Services,added-2026-09-28
Legal & Immigration,Citizenship Classes & Applications,Ciudadanía: clases y solicitudes,Citizenship Exam preparation,draft
Legal & Immigration,Citizenship Classes & Applications,Ciudadanía: clases y solicitudes,Citizenship and Naturalization Services,draft
Legal & Immigration,Citizenship Classes & Applications,Ciudadanía: clases y solicitudes,Citizenship preparation and resources,draft
Legal & Immigration,Interpreters & Translation,Intérpretes y traducción,Interpreter Services,draft
Legal & Immigration,Interpreters & Translation,Intérpretes y traducción,Translation Services,draft
Legal & Immigration,Civil Legal Aid,Asistencia legal civil,Family Law Services,added-2026-09-28
Legal & Immigration,Civil Legal Aid,Asistencia legal civil,Elder Law Services,added-2026-09-28
Legal & Immigration,Civil Legal Aid,Asistencia legal civil,Housing and Foreclosure Defense,added-2026-09-28
Legal & Immigration,Civil Legal Aid,Asistencia legal civil,Consumer and Tax Legal Help,added-2026-09-28
Legal & Immigration,Civil Legal Aid,Asistencia legal civil,Public Benefits Assistance,added-2026-09-28
Legal & Immigration,Victim & Court Advocacy,Apoyo a víctimas y en tribunales,Court and Legal Advocacy,added-2026-09-28
Legal & Immigration,Victim & Court Advocacy,Apoyo a víctimas y en tribunales,Domestic Violence and Crime Victim Legal Advocacy,added-2026-09-28
Legal & Immigration,Youth Justice,Justicia juvenil,Juvenile Justice Services,draft
Legal & Immigration,Youth Justice,Justicia juvenil,Restorative Justice,draft
Legal & Immigration,Youth Justice,Justicia juvenil,Support services for court-involved youth,draft
Legal & Immigration,Advocacy,Defensa de derechos,Advocacy,draft
Legal & Immigration,Advocacy,Defensa de derechos,Advocacy Services,draft
Legal & Immigration,Criminal Justice Studies,Estudios de justicia penal,Human Services & Criminal Justice Programs,draft
Housing & Economic Development,Affordable Housing,Vivienda asequible,Affordable Housing Development,draft
Housing & Economic Development,Affordable Housing,Vivienda asequible,Housing Development,draft
Housing & Economic Development,Affordable Housing,Vivienda asequible,Property and Asset Management,added-2026-09-28
Housing & Economic Development,Neighborhood & Commercial Development,Desarrollo de barrios y comercial,Commercial Real Estate Development,draft
Housing & Economic Development,Neighborhood & Commercial Development,Desarrollo de barrios y comercial,Community Infrastructure and Public Space Development,draft
Housing & Economic Development,Neighborhood & Commercial Development,Desarrollo de barrios y comercial,Community Development Initiatives,added-2026-09-28
Housing & Economic Development,Construction Job Training,Capacitación en construcción,Construction & Carpentry Job Training (SISU Builds),draft
Small Business & Nonprofit Support,Starting a Business,Emprender un negocio,Business Accelerator Program,added-2026-09-28
Small Business & Nonprofit Support,Starting a Business,Emprender un negocio,Entrepreneur Training and Mentorship,added-2026-09-28
Small Business & Nonprofit Support,Starting a Business,Emprender un negocio,Entrepreneurship Academy,added-2026-09-28
Small Business & Nonprofit Support,Starting a Business,Emprender un negocio,Final Pitch Competition,added-2026-09-28
Small Business & Nonprofit Support,Starting a Business,Emprender un negocio,Alumni Workshops,added-2026-09-28
Small Business & Nonprofit Support,Small Business Loans & Grants,Préstamos y subvenciones para negocios,Venture Loan Fund,draft
Small Business & Nonprofit Support,Small Business Loans & Grants,Préstamos y subvenciones para negocios,Technical Assistance Grants,draft
Small Business & Nonprofit Support,Business Networks,Redes de negocios,LP Network,draft
Small Business & Nonprofit Support,Business Networks,Redes de negocios,MV Small Business Coalition,draft
Small Business & Nonprofit Support,Business Networks,Redes de negocios,Kind Business Certification & Network,draft
Small Business & Nonprofit Support,Business Networks,Redes de negocios,Business Partnerships for Community Impact,draft
Small Business & Nonprofit Support,Business Networks,Redes de negocios,Know Your City Series,draft
Small Business & Nonprofit Support,Business Networks,Redes de negocios,Team Networking Events,added-2026-09-28
Small Business & Nonprofit Support,Nonprofit Support,Apoyo para organizaciones sin fines de lucro,Board Development and Training,draft
Small Business & Nonprofit Support,Nonprofit Support,Apoyo para organizaciones sin fines de lucro,Capacity Building,draft
Small Business & Nonprofit Support,Nonprofit Support,Apoyo para organizaciones sin fines de lucro,Executive Roundtables for Nonprofit Leaders,draft
Small Business & Nonprofit Support,Nonprofit Support,Apoyo para organizaciones sin fines de lucro,Fiscal Agent Services,draft
Small Business & Nonprofit Support,Nonprofit Support,Apoyo para organizaciones sin fines de lucro,Nonprofit Consulting,draft
Small Business & Nonprofit Support,Nonprofit Support,Apoyo para organizaciones sin fines de lucro,Nonprofit Management Workshops,draft
Small Business & Nonprofit Support,Nonprofit Support,Apoyo para organizaciones sin fines de lucro,Staff Recruitment and Professional Development,draft
Small Business & Nonprofit Support,Volunteering,Voluntariado,Volunteer Opportunities,added-2026-09-28
Small Business & Nonprofit Support,Volunteering,Voluntariado,Volunteer Program Management,draft
Small Business & Nonprofit Support,Volunteering,Voluntariado,Volunteer Recruitment and Placement for Nonprofits,draft
"Sports, Recreation & Fitness",Youth Sports,Deportes juveniles,Lawrence Youth Soccer,draft
"Sports, Recreation & Fitness",Youth Sports,Deportes juveniles,Winter Futsal,draft
"Sports, Recreation & Fitness",Youth Sports,Deportes juveniles,Youth Sports Programs,draft
"Sports, Recreation & Fitness",Youth Sports,Deportes juveniles,Youth Sports Leagues,added-2026-09-28
"Sports, Recreation & Fitness",Youth Sports,Deportes juveniles,Competitive Youth Basketball Travel Teams (AAU Program),draft
"Sports, Recreation & Fitness",Youth Sports,Deportes juveniles,Female Hoops Leadership,draft
"Sports, Recreation & Fitness",Youth Sports,Deportes juveniles,International Tournaments,draft
"Sports, Recreation & Fitness",Youth Sports,Deportes juveniles,Youth Basketball & Life Skills Program for At-Risk Youth (SISU Basketball),draft
"Sports, Recreation & Fitness",Youth Sports,Deportes juveniles,Athletics Programs,draft
"Sports, Recreation & Fitness",Youth Sports,Deportes juveniles,Athletic Programs and Summer Conditioning,draft
"Sports, Recreation & Fitness",Youth Sports,Deportes juveniles,Coaching Certification,draft
"Sports, Recreation & Fitness",Boating & Swimming,Navegación y natación,Boat Access for Members,draft
"Sports, Recreation & Fitness",Boating & Swimming,Navegación y natación,Canoeing,draft
"Sports, Recreation & Fitness",Boating & Swimming,Navegación y natación,Crew and Rowing Teams,draft
"Sports, Recreation & Fitness",Boating & Swimming,Navegación y natación,Kayaking,draft
"Sports, Recreation & Fitness",Boating & Swimming,Navegación y natación,Paddleboarding,draft
"Sports, Recreation & Fitness",Boating & Swimming,Navegación y natación,Sailing Lessons,draft
"Sports, Recreation & Fitness",Boating & Swimming,Navegación y natación,Teen Sailing & Boathouse Training (CIT Program),draft
"Sports, Recreation & Fitness",Boating & Swimming,Navegación y natación,Swim Lessons,added-2026-09-28
"Sports, Recreation & Fitness",Boating & Swimming,Navegación y natación,Recreation Promotion,draft
"Sports, Recreation & Fitness",Gyms & Exercise Classes,Gimnasios y clases de ejercicio,Fitness Center and Group Exercise Classes,added-2026-09-28
"Sports, Recreation & Fitness",Gyms & Exercise Classes,Gimnasios y clases de ejercicio,Exercise classes,draft
"Sports, Recreation & Fitness",Gyms & Exercise Classes,Gimnasios y clases de ejercicio,Squash and Fitness Training,draft
"Sports, Recreation & Fitness",Sports Camps,Campamentos deportivos,Sport & Wellness Camp,draft
"Sports, Recreation & Fitness",Sports Camps,Campamentos deportivos,Summer Camp,draft
"Sports, Recreation & Fitness",Recreation Programs,Programas recreativos,Recreational/Youth Programs,draft
"Sports, Recreation & Fitness",Recreation Programs,Programas recreativos,Youth Sports Nutrition & Wellness (Health Kicks!),draft
Arts & Creative Programs,Art Classes & Programs,Clases y programas de arte,Visual Art instruction,draft
Arts & Creative Programs,Art Classes & Programs,Clases y programas de arte,Arts,draft
Arts & Creative Programs,Art Classes & Programs,Clases y programas de arte,Arts programs,draft
Arts & Creative Programs,Art Classes & Programs,Clases y programas de arte,Visual and Performing Arts Programs,draft
Arts & Creative Programs,Art Classes & Programs,Clases y programas de arte,Summer Intensive Art Program,draft
Arts & Creative Programs,Art Classes & Programs,Clases y programas de arte,Visual Arts Apprenticeship,draft
Arts & Creative Programs,Art Classes & Programs,Clases y programas de arte,Youth Empowerment & Creative Arts Network (Movement City),draft
Arts & Creative Programs,Art Classes & Programs,Clases y programas de arte,Art Gallery,draft
Arts & Creative Programs,Art Classes & Programs,Clases y programas de arte,Community Engagement through Public Art Projects,draft
Arts & Creative Programs,Art Classes & Programs,Clases y programas de arte,Mindful Arts Summer Institute,draft
Arts & Creative Programs,Music,Música,Music Composition / Songwriting / Production Instruction,draft
Arts & Creative Programs,Music,Música,Music Production/Sound Engineering/Podcasting (SISU BEATZ),draft
Arts & Creative Programs,Music,Música,Youth Music Production,draft
Arts & Creative Programs,Music,Música,Mommy and Me Music Time,draft
Arts & Creative Programs,Dance & Theater,Danza y teatro,Dance and Movement instruction,draft
Arts & Creative Programs,Dance & Theater,Danza y teatro,Theater and Playwriting instruction,draft
Arts & Creative Programs,Dance & Theater,Danza y teatro,Student performance and artistry showcases,draft
Arts & Creative Programs,Dance & Theater,Danza y teatro,Visual and Performing Arts Programs,draft
Arts & Creative Programs,Writing & Book Clubs,Escritura y clubes de lectura,Creative Writing Apprenticeship,draft
Arts & Creative Programs,Writing & Book Clubs,Escritura y clubes de lectura,Creative Writing instruction,draft
Arts & Creative Programs,Writing & Book Clubs,Escritura y clubes de lectura,Book clubs,draft
Arts & Creative Programs,"Photo, Video & Podcasts","Fotografía, video y podcasts",Photography and Videography Apprenticeship,draft
Arts & Creative Programs,"Photo, Video & Podcasts","Fotografía, video y podcasts",Youth Media Production,draft
Arts & Creative Programs,"Photo, Video & Podcasts","Fotografía, video y podcasts",HOLA Podcast,draft
Arts & Creative Programs,"Photo, Video & Podcasts","Fotografía, video y podcasts",ICT Talks Podcast and Video Series,added-2026-09-28
Arts & Creative Programs,"Photo, Video & Podcasts","Fotografía, video y podcasts",Music Production/Sound Engineering/Podcasting (SISU BEATZ),draft
Arts & Creative Programs,Fashion & Printmaking,Moda y serigrafía,Sewing and Sustainable Fashion Apprenticeship,draft
Arts & Creative Programs,Fashion & Printmaking,Moda y serigrafía,Screen Printing & Embroidery Training (SISU Prints),draft
Arts & Creative Programs,Arts Festivals & Cultural Events,Festivales de arte y eventos culturales,Juneteenth Arts and Awareness events,draft
Arts & Creative Programs,Arts Festivals & Cultural Events,Festivales de arte y eventos culturales,Lawrence Festival of the Arts,draft
Arts & Creative Programs,Arts Festivals & Cultural Events,Festivales de arte y eventos culturales,Public Lectures & Cultural Events,draft
Arts & Creative Programs,Art & Wellness,Arte y bienestar,Mindfulness and wellness practices workshops,draft
Arts & Creative Programs,Art & Wellness,Arte y bienestar,Expressive and Nature-Based Therapies,added-2026-09-28
Arts & Creative Programs,Art & Wellness,Arte y bienestar,Music Therapy,draft
Faith & Spiritual Services,Mass & Worship Services,Misas y servicios religiosos,Mass and Confession,draft
Faith & Spiritual Services,Mass & Worship Services,Misas y servicios religiosos,Worship Services,draft
Faith & Spiritual Services,Mass & Worship Services,Misas y servicios religiosos,Sunday Mass Livestream,draft
Faith & Spiritual Services,Mass & Worship Services,Misas y servicios religiosos,Stations of the Cross,draft
Faith & Spiritual Services,Mass & Worship Services,Misas y servicios religiosos,Special Cultural & Liturgical Events,draft
Faith & Spiritual Services,Mass & Worship Services,Misas y servicios religiosos,Homilies Podcast,draft
Faith & Spiritual Services,Sacraments & Religious Education,Sacramentos y educación religiosa,Baptism Services,draft
Faith & Spiritual Services,Sacraments & Religious Education,Sacramentos y educación religiosa,Sacramental Preparation Programs,draft
Faith & Spiritual Services,Sacraments & Religious Education,Sacramentos y educación religiosa,Religious Education,draft
Faith & Spiritual Services,Sacraments & Religious Education,Sacramentos y educación religiosa,Adult Faith Formation,draft
Faith & Spiritual Services,Sacraments & Religious Education,Sacramentos y educación religiosa,Spiritual and Human Formation,draft
Faith & Spiritual Services,Sacraments & Religious Education,Sacramentos y educación religiosa,FORMED (religious content platform),draft
Faith & Spiritual Services,Youth & Campus Ministry,Ministerio juvenil y estudiantil,Youth Ministry Programs,draft
Faith & Spiritual Services,Youth & Campus Ministry,Ministerio juvenil y estudiantil,Campus Ministry and Retreats,draft
Faith & Spiritual Services,"Fellowship, Prayer & Recovery Groups","Comunidad, oración y grupos de recuperación",Parish Fellowship Groups,draft
Faith & Spiritual Services,"Fellowship, Prayer & Recovery Groups","Comunidad, oración y grupos de recuperación",Prayer Line,draft
Faith & Spiritual Services,"Fellowship, Prayer & Recovery Groups","Comunidad, oración y grupos de recuperación",Saint Patrick Legacy Society,draft
Faith & Spiritual Services,"Fellowship, Prayer & Recovery Groups","Comunidad, oración y grupos de recuperación",Celebrate Recovery program,draft
Faith & Spiritual Services,Church Outreach & Rides,Ayuda de la iglesia y transporte,Bridge Ministry outreach and essential supplies,draft
Faith & Spiritual Services,Church Outreach & Rides,Ayuda de la iglesia y transporte,Shuttle Ministry transportation to church,draft
Faith & Spiritual Services,Cemetery Services,Servicios de cementerio,Cemetery Services,draft
Environmental Programs,Community Gardens & Urban Farming,Huertos comunitarios y agricultura urbana,Community Gardens,draft
Environmental Programs,Community Gardens & Urban Farming,Huertos comunitarios y agricultura urbana,Costello Urban Farm,draft
Environmental Programs,Park & Neighborhood Cleanups,Limpieza de parques y barrios,Park Cleanups,draft
Environmental Programs,Park & Neighborhood Cleanups,Limpieza de parques y barrios,Adopt-A-Block community outreach,draft
Environmental Programs,Park & Neighborhood Cleanups,Limpieza de parques y barrios,Urban Tree Planting Program,draft
Environmental Programs,River & Water Quality,Río y calidad del agua,Water Quality Monitoring,draft
Environmental Programs,River & Water Quality,Río y calidad del agua,Post-Event Water Quality Testing,draft
Environmental Programs,River & Water Quality,Río y calidad del agua,Combined Sewer Overflow (CSO) Investigation,draft
Environmental Programs,River & Water Quality,Río y calidad del agua,Watershed Restoration Projects,draft
Environmental Programs,River & Water Quality,Río y calidad del agua,Recreation Promotion,draft
Environmental Programs,Climate Resilience,Resiliencia climática,Climate Resilient Neighborhoods Initiative,draft
Environmental Programs,Climate Resilience,Resiliencia climática,Watershed Climate Resilience Planning,draft
Environmental Programs,Environmental Education & Justice,Educación y justicia ambiental,Environmental Education,draft
Environmental Programs,Environmental Education & Justice,Educación y justicia ambiental,Environmental Health and Environmental Justice,draft
Civic & Government Services,Library Services,Servicios de biblioteca,Library card services,draft
Civic & Government Services,Library Services,Servicios de biblioteca,Physical and digital library collections access,draft
Civic & Government Services,Library Services,Servicios de biblioteca,Technology access and equipment loans,draft
Civic & Government Services,Library Services,Servicios de biblioteca,Book clubs,draft
Civic & Government Services,City Hall Services,Servicios municipales,City Forms & Records Access,draft
Civic & Government Services,City Hall Services,Servicios municipales,Online Financial & Regulatory Services,draft
Civic & Government Services,City Hall Services,Servicios municipales,Neighborhood Services,draft
Civic & Government Services,City Hall Services,Servicios municipales,Waste Management & Public Works,draft
Civic & Government Services,City Hall Services,Servicios municipales,Water & Energy Utility Services,draft
Civic & Government Services,City Hall Services,Servicios municipales,Civic Transparency & Access,draft
Civic & Government Services,City Hall Services,Servicios municipales,Community Information & Engagement,draft
Civic & Government Services,Voting & Elections,Votación y elecciones,Voting & Elections,draft
Civic & Government Services,Voting & Elections,Votación y elecciones,Local governance and election information,draft
Civic & Government Services,"Emergency, Safety & Disaster Help","Emergencias, seguridad y desastres",Disaster Services,draft
Civic & Government Services,"Emergency, Safety & Disaster Help","Emergencias, seguridad y desastres",Help Disaster Survivors,draft
Civic & Government Services,"Emergency, Safety & Disaster Help","Emergencias, seguridad y desastres",Emergency Services,draft
Civic & Government Services,"Emergency, Safety & Disaster Help","Emergencias, seguridad y desastres",Disaster Preparedness Education,draft
Civic & Government Services,"Emergency, Safety & Disaster Help","Emergencias, seguridad y desastres",Home Fire Campaign,draft
Civic & Government Services,"Emergency, Safety & Disaster Help","Emergencias, seguridad y desastres",Basic Life Support training,draft
Civic & Government Services,"Emergency, Safety & Disaster Help","Emergencias, seguridad y desastres",Blood Donation,draft
Civic & Government Services,"Emergency, Safety & Disaster Help","Emergencias, seguridad y desastres",School Safety Programs,draft
Civic & Government Services,Transportation,Transporte,Bus Route Information,draft
Civic & Government Services,Transportation,Transporte,MBTA Reduced Fares Assistance,draft
Civic & Government Services,Transportation,Transporte,Transportation Services,draft
Civic & Government Services,Transportation,Transporte,Valet Parking and Shuttle Service,draft
Civic & Government Services,Military & Veteran Support,Apoyo a militares y veteranos,Service to the Armed Forces,draft
Civic & Government Services,Accessibility Services,Servicios de accesibilidad,Services for the blind and print-disabled,draft
Civic & Government Services,Accessibility Services,Servicios de accesibilidad,Website Accessibility Tools,draft
Civic & Government Services,Advocacy & Civic Engagement,Defensa de derechos y participación cívica,Advocacy,draft
Civic & Government Services,Advocacy & Civic Engagement,Defensa de derechos y participación cívica,Advocacy Services,draft
Civic & Government Services,Advocacy & Civic Engagement,Defensa de derechos y participación cívica,Social Justice Collective for Youth,draft
Civic & Government Services,Advocacy & Civic Engagement,Defensa de derechos y participación cívica,Cultural Inclusion Program,draft
Civic & Government Services,Advocacy & Civic Engagement,Defensa de derechos y participación cívica,Know Your City Series,draft
Civic & Government Services,Advocacy & Civic Engagement,Defensa de derechos y participación cívica,Public Lectures & Cultural Events,draft
Civic & Government Services,Advocacy & Civic Engagement,Defensa de derechos y participación cívica,HOLA Podcast,draft
Civic & Government Services,Advocacy & Civic Engagement,Defensa de derechos y participación cívica,Public and Social Health,draft
Community Events & Public Life,Community Festivals & Events,Festivales y eventos comunitarios,October Fun Fest,draft
Community Events & Public Life,Community Festivals & Events,Festivales y eventos comunitarios,Juneteenth Arts and Awareness events,draft
Community Events & Public Life,Community Festivals & Events,Festivales y eventos comunitarios,Lawrence Festival of the Arts,draft
Community Events & Public Life,Community Festivals & Events,Festivales y eventos comunitarios,Evening of Giving,draft
Community Events & Public Life,Community Festivals & Events,Festivales y eventos comunitarios,Empowerment Pop-up Shopping Events,draft
Community Events & Public Life,Community Festivals & Events,Festivales y eventos comunitarios,Community outings,draft
Community Events & Public Life,Community Festivals & Events,Festivales y eventos comunitarios,Back to School Program,draft
Community Events & Public Life,Community Festivals & Events,Festivales y eventos comunitarios,Brighten the Holidays,draft
Community Events & Public Life,Volunteering & Service Projects,Voluntariado y proyectos de servicio,Community Service Opportunities,draft
Community Events & Public Life,Volunteering & Service Projects,Voluntariado y proyectos de servicio,Adopt-A-Block community outreach,draft
Community Events & Public Life,Volunteering & Service Projects,Voluntariado y proyectos de servicio,Special Kindness Projects,draft
Community Events & Public Life,Volunteering & Service Projects,Voluntariado y proyectos de servicio,Online Kindness Happenings Platform,draft
Community Events & Public Life,Community Classes & Workshops,Clases y talleres comunitarios,Community Engagement Workshops & Classes,draft
Community Events & Public Life,Community Classes & Workshops,Clases y talleres comunitarios,Family & Community Engagement Programs,draft
Community Events & Public Life,Community Grants & Media,Subvenciones y medios comunitarios,Kindness Grants,draft
Community Events & Public Life,Community Grants & Media,Subvenciones y medios comunitarios,Community Kindness Media Production,draft
Community Events & Public Life,Community Grants & Media,Subvenciones y medios comunitarios,Community Engagement through Public Art Projects,draft
Community Events & Public Life,Event Space & Catering,Espacios para eventos y catering,Facilities Usage & Event Rental,draft
Community Events & Public Life,Event Space & Catering,Espacios para eventos y catering,Catering Services,draft
Community Events & Public Life,,,Valet Parking and Shuttle Service,draft
