Org,Tag,Verdict,Notes,Landed_URL,Flag
Bread and Roses Housing,Homebuyer Education and Counseling,,,https://mycaf.org/brh-development/,redirected_domain
Bread and Roses Housing,Foreclosure Prevention,,,https://mycaf.org/brh-development/,redirected_domain
Bread and Roses Housing,Rental Counseling,,,https://mycaf.org/brh-development/,redirected_domain
Bread and Roses Housing,Financial Literacy,,,https://mycaf.org/brh-development/,redirected_domain
Bread and Roses Housing,Credit Counseling,,,https://mycaf.org/brh-development/,redirected_domain
Bread and Roses Housing,and Consumer Protection,,,https://mycaf.org/brh-development/,redirected_domain
Bread and Roses Housing,Public,,,https://mycaf.org/brh-development/,redirected_domain
Bread and Roses Housing,Social,,,https://mycaf.org/brh-development/,redirected_domain
Bread and Roses Housing,and Environmental Health Programs,,,https://mycaf.org/brh-development/,redirected_domain
Bread and Roses Housing,Family Strengthening and Mental Health Services,,,https://mycaf.org/brh-development/,redirected_domain
Bread and Roses Housing,Elderly Support Program,,,https://mycaf.org/brh-development/,redirected_domain
Bread and Roses Housing,Bajo La Sombra Project,,,https://mycaf.org/brh-development/,redirected_domain
Bread and Roses Housing,Workforce Skill Development,,,https://mycaf.org/brh-development/,redirected_domain
Bread and Roses Housing,Capacity Building,,,https://mycaf.org/brh-development/,redirected_domain
Bread and Roses Housing,Housing Development,,,https://mycaf.org/brh-development/,redirected_domain
Bread and Roses Housing,Advocacy,,,https://mycaf.org/brh-development/,redirected_domain
Bread and Roses Housing,[OLD] Housing Insecurity,,,https://mycaf.org/brh-development/,redirected_domain
Bread and Roses Housing,[OLD] Homelessness,,,https://mycaf.org/brh-development/,redirected_domain
Bread and Roses Housing,[OLD] Affordable Housing,,,https://mycaf.org/brh-development/,redirected_domain
Bread and Roses Housing,[MISSING — write in anything the site offers that's not listed],,,https://mycaf.org/brh-development/,redirected_domain
Greater Lawrence Family Health,Internal Medicine,,,https://glfhc.org/,gemini
Greater Lawrence Family Health,Gynecology,,,https://glfhc.org/,gemini
Greater Lawrence Family Health,Obstetrics and Prenatal Care,,,https://glfhc.org/,gemini
Greater Lawrence Family Health,Pediatric Care,,,https://glfhc.org/,gemini
Greater Lawrence Family Health,Geriatric Care,,,https://glfhc.org/,gemini
Greater Lawrence Family Health,Pharmacy Services,,,https://glfhc.org/,gemini
Greater Lawrence Family Health,Walk-in Care,,,https://glfhc.org/,gemini
Greater Lawrence Family Health,Disease Prevention and Health Education,,,https://glfhc.org/,gemini
Greater Lawrence Family Health,Nutrition Counseling,,,https://glfhc.org/,gemini
Greater Lawrence Family Health,Laboratory Services,,,https://glfhc.org/,gemini
Greater Lawrence Family Health,Health Insurance Enrollment and Cost of Care Assistance,,,https://glfhc.org/,gemini
Greater Lawrence Family Health,Pharmacy Residency Program,,,https://glfhc.org/,gemini
Greater Lawrence Family Health,[OLD] Healthcare,,,https://glfhc.org/,gemini
Greater Lawrence Family Health,[OLD] Primary Care,,,https://glfhc.org/,gemini
Greater Lawrence Family Health,[OLD] Dental Care,,,https://glfhc.org/,gemini
Greater Lawrence Family Health,[OLD] Behavioral Health,,,https://glfhc.org/,gemini
Greater Lawrence Family Health,[OLD] Maternal Health,,,https://glfhc.org/,gemini
Greater Lawrence Family Health,[MISSING — write in anything the site offers that's not listed],,,https://glfhc.org/,gemini
Hands to Help,Academic Degree and Certificate Programs,,,https://www.merrimack.edu/about/offices_services/campus_ministry/service_opportunities/,gemini
Hands to Help,Experiential Learning Opportunities,,,https://www.merrimack.edu/about/offices_services/campus_ministry/service_opportunities/,gemini
Hands to Help,Student Academic and Career Support,,,https://www.merrimack.edu/about/offices_services/campus_ministry/service_opportunities/,gemini
Hands to Help,Student Residential and Campus Life Services,,,https://www.merrimack.edu/about/offices_services/campus_ministry/service_opportunities/,gemini
Hands to Help,Student Health and Wellness Services,,,https://www.merrimack.edu/about/offices_services/campus_ministry/service_opportunities/,gemini
Hands to Help,Athletic Programs,,,https://www.merrimack.edu/about/offices_services/campus_ministry/service_opportunities/,gemini
Hands to Help,Admissions and Financial Services,,,https://www.merrimack.edu/about/offices_services/campus_ministry/service_opportunities/,gemini
Hands to Help,Spiritual Life and Community Service Programs,,,https://www.merrimack.edu/about/offices_services/campus_ministry/service_opportunities/,gemini
Hands to Help,Specialized Academic Learning Communities,,,https://www.merrimack.edu/about/offices_services/campus_ministry/service_opportunities/,gemini
Hands to Help,[OLD] Adult Education,,,https://www.merrimack.edu/about/offices_services/campus_ministry/service_opportunities/,gemini
Hands to Help,[OLD] After School,,,https://www.merrimack.edu/about/offices_services/campus_ministry/service_opportunities/,gemini
Hands to Help,[OLD] College Prep,,,https://www.merrimack.edu/about/offices_services/campus_ministry/service_opportunities/,gemini
Hands to Help,[OLD] Economic Mobility,,,https://www.merrimack.edu/about/offices_services/campus_ministry/service_opportunities/,gemini
Hands to Help,[OLD] Workforce Development,,,https://www.merrimack.edu/about/offices_services/campus_ministry/service_opportunities/,gemini
Hands to Help,[OLD] Literacy,,,https://www.merrimack.edu/about/offices_services/campus_ministry/service_opportunities/,gemini
Hands to Help,[OLD] Social Services,,,https://www.merrimack.edu/about/offices_services/campus_ministry/service_opportunities/,gemini
Hands to Help,[MISSING — write in anything the site offers that's not listed],,,https://www.merrimack.edu/about/offices_services/campus_ministry/service_opportunities/,gemini
Lawrence Partnership for Transition to Employment (LPTE),Small business loans,,,https://lawrencepartnership.org/,gemini
Lawrence Partnership for Transition to Employment (LPTE),Technical assistance grants for small businesses,,,https://lawrencepartnership.org/,gemini
Lawrence Partnership for Transition to Employment (LPTE),Merrimack Valley Small Business Coalition,,,https://lawrencepartnership.org/,gemini
Lawrence Partnership for Transition to Employment (LPTE),LP Network,,,https://lawrencepartnership.org/,gemini
Lawrence Partnership for Transition to Employment (LPTE),Know Your City Series,,,https://lawrencepartnership.org/,gemini
Lawrence Partnership for Transition to Employment (LPTE),Workforce analysis,,,https://lawrencepartnership.org/,gemini
Lawrence Partnership for Transition to Employment (LPTE),Local job listings,,,https://lawrencepartnership.org/,gemini
Lawrence Partnership for Transition to Employment (LPTE),[OLD] Disabilities,,,https://lawrencepartnership.org/,gemini
Lawrence Partnership for Transition to Employment (LPTE),[OLD] Transition to Employment,,,https://lawrencepartnership.org/,gemini
Lawrence Partnership for Transition to Employment (LPTE),[OLD] Job Training,,,https://lawrencepartnership.org/,gemini
Lawrence Partnership for Transition to Employment (LPTE),[OLD] Vocational Rehabilitation,,,https://lawrencepartnership.org/,gemini
Lawrence Partnership for Transition to Employment (LPTE),[MISSING — write in anything the site offers that's not listed],,,https://lawrencepartnership.org/,gemini
Northeast Justice Center,DTA and Public Benefits Appeals/Assistance,,,https://www.masslegalhelp.org/,gemini
Northeast Justice Center,Domestic Abuse and Crime Victim Legal Aid,,,https://www.masslegalhelp.org/,gemini
Northeast Justice Center,Housing and Shelter Legal Aid,,,https://www.masslegalhelp.org/,gemini
Northeast Justice Center,Money and Debt Legal Aid,,,https://www.masslegalhelp.org/,gemini
Northeast Justice Center,Children,,,https://www.masslegalhelp.org/,gemini
Northeast Justice Center,Family,,,https://www.masslegalhelp.org/,gemini
Northeast Justice Center,and Divorce Legal Aid,,,https://www.masslegalhelp.org/,gemini
Northeast Justice Center,Employment and Unemployment Legal Aid,,,https://www.masslegalhelp.org/,gemini
Northeast Justice Center,Immigration Legal Services,,,https://www.masslegalhelp.org/,gemini
Northeast Justice Center,Criminal Records (CORI) and Licensing Legal Aid,,,https://www.masslegalhelp.org/,gemini
Northeast Justice Center,Health and Disability Rights Legal Aid,,,https://www.masslegalhelp.org/,gemini
Northeast Justice Center,School-Related Legal Aid,,,https://www.masslegalhelp.org/,gemini
Northeast Justice Center,Lawyer Referrals,,,https://www.masslegalhelp.org/,gemini
Northeast Justice Center,Legal Information and Self-Help Resources,,,https://www.masslegalhelp.org/,gemini
Northeast Justice Center,[OLD] Legal Services,,,https://www.masslegalhelp.org/,gemini
Northeast Justice Center,[OLD] Immigration Law,,,https://www.masslegalhelp.org/,gemini
Northeast Justice Center,[OLD] Housing Law,,,https://www.masslegalhelp.org/,gemini
Northeast Justice Center,[OLD] Consumer Protection,,,https://www.masslegalhelp.org/,gemini
Northeast Justice Center,[OLD] Benefits Assistance,,,https://www.masslegalhelp.org/,gemini
Northeast Justice Center,[MISSING — write in anything the site offers that's not listed],,,https://www.masslegalhelp.org/,gemini
St. Mary's Parish,Pre-School/Kindergarten Program,,,https://www.stmaryassumption-lawrence.org/,gemini
St. Mary's Parish,Sacramental Preparation Programs,,,https://www.stmaryassumption-lawrence.org/,gemini
St. Mary's Parish,Worship Services,,,https://www.stmaryassumption-lawrence.org/,gemini
St. Mary's Parish,Baptism Services,,,https://www.stmaryassumption-lawrence.org/,gemini
St. Mary's Parish,Youth Ministry Programs,,,https://www.stmaryassumption-lawrence.org/,gemini
St. Mary's Parish,Adult Faith Formation,,,https://www.stmaryassumption-lawrence.org/,gemini
St. Mary's Parish,Child Safety Training,,,https://www.stmaryassumption-lawrence.org/,gemini
St. Mary's Parish,Parish Fellowship Groups,,,https://www.stmaryassumption-lawrence.org/,gemini
St. Mary's Parish,Special Cultural & Liturgical Events,,,https://www.stmaryassumption-lawrence.org/,gemini
St. Mary's Parish,[OLD] Faith-based Services,,,https://www.stmaryassumption-lawrence.org/,gemini
St. Mary's Parish,[OLD] Community Outreach,,,https://www.stmaryassumption-lawrence.org/,gemini
St. Mary's Parish,[OLD] Food Pantry,,,https://www.stmaryassumption-lawrence.org/,gemini
St. Mary's Parish,[OLD] Social Services,,,https://www.stmaryassumption-lawrence.org/,gemini
St. Mary's Parish,[MISSING — write in anything the site offers that's not listed],,,https://www.stmaryassumption-lawrence.org/,gemini
Merrimack River Watershed Council (MRVC),Advocacy,,,https://merrimack.org/,gemini
Merrimack River Watershed Council (MRVC),Education,,,https://merrimack.org/,gemini
Merrimack River Watershed Council (MRVC),Recreation Promotion,,,https://merrimack.org/,gemini
Merrimack River Watershed Council (MRVC),Water Quality Monitoring,,,https://merrimack.org/,gemini
Merrimack River Watershed Council (MRVC),Combined Sewer Overflow (CSO) Investigation,,,https://merrimack.org/,gemini
Merrimack River Watershed Council (MRVC),Post-Event Water Quality Testing,,,https://merrimack.org/,gemini
Merrimack River Watershed Council (MRVC),Watershed Restoration Projects,,,https://merrimack.org/,gemini
Merrimack River Watershed Council (MRVC),Watershed Climate Resilience Planning,,,https://merrimack.org/,gemini
Merrimack River Watershed Council (MRVC),Volunteer Program Management,,,https://merrimack.org/,gemini
Merrimack River Watershed Council (MRVC),[OLD] Environmental Justice,,,https://merrimack.org/,gemini
Merrimack River Watershed Council (MRVC),[OLD] Climate Change,,,https://merrimack.org/,gemini
Merrimack River Watershed Council (MRVC),[OLD] Watershed Conservation,,,https://merrimack.org/,gemini
Merrimack River Watershed Council (MRVC),[OLD] Water Quality,,,https://merrimack.org/,gemini
Merrimack River Watershed Council (MRVC),[MISSING — write in anything the site offers that's not listed],,,https://merrimack.org/,gemini
Suenos Basketball,AAU Program,,,https://suenosbasketball.org,redirected_domain
Suenos Basketball,Skills & Training Clinics,,,https://suenosbasketball.org,redirected_domain
Suenos Basketball,Leadership Academy,,,https://suenosbasketball.org,redirected_domain
Suenos Basketball,Summer Camp,,,https://suenosbasketball.org,redirected_domain
Suenos Basketball,Female Hoops Leadership,,,https://suenosbasketball.org,redirected_domain
Suenos Basketball,International Tournaments,,,https://suenosbasketball.org,redirected_domain
Suenos Basketball,Coaching Certification,,,https://suenosbasketball.org,redirected_domain
Suenos Basketball,Youth Employment,,,https://suenosbasketball.org,redirected_domain
Suenos Basketball,[OLD] Athletics,,,https://suenosbasketball.org,redirected_domain
Suenos Basketball,[OLD] Basketball,,,https://suenosbasketball.org,redirected_domain
Suenos Basketball,[OLD] Youth Development,,,https://suenosbasketball.org,redirected_domain
Suenos Basketball,[OLD] After School,,,https://suenosbasketball.org,redirected_domain
Suenos Basketball,[MISSING — write in anything the site offers that's not listed],,,https://suenosbasketball.org,redirected_domain
Merrimack Valley Dream Center,Fresh Start Mobile Showers & Laundry Services,,,https://mvdreamcenter.org/,gemini
Merrimack Valley Dream Center,Bridge Ministry outreach and essential supplies,,,https://mvdreamcenter.org/,gemini
Merrimack Valley Dream Center,Celebrate Recovery program,,,https://mvdreamcenter.org/,gemini
Merrimack Valley Dream Center,Shuttle Ministry transportation to church,,,https://mvdreamcenter.org/,gemini
Merrimack Valley Dream Center,Adopt-A-Block community outreach,,,https://mvdreamcenter.org/,gemini
Merrimack Valley Dream Center,Mobile Food Distribution,,,https://mvdreamcenter.org/,gemini
Merrimack Valley Dream Center,[OLD] Homelessness,,,https://mvdreamcenter.org/,gemini
Merrimack Valley Dream Center,[OLD] Emergency Shelter,,,https://mvdreamcenter.org/,gemini
Merrimack Valley Dream Center,[OLD] Housing,,,https://mvdreamcenter.org/,gemini
Merrimack Valley Dream Center,[OLD] Transitional Housing,,,https://mvdreamcenter.org/,gemini
Merrimack Valley Dream Center,[MISSING — write in anything the site offers that's not listed],,,https://mvdreamcenter.org/,gemini
The Salvation Army Lawrence Corps,Camp and Summer Programs,,,https://easternusa.salvationarmy.org/massachusetts/lawrence,gemini
The Salvation Army Lawrence Corps,Alleviate Hunger,,,https://easternusa.salvationarmy.org/massachusetts/lawrence,gemini
The Salvation Army Lawrence Corps,Combat Addiction,,,https://easternusa.salvationarmy.org/massachusetts/lawrence,gemini
The Salvation Army Lawrence Corps,Equip Individuals and Families,,,https://easternusa.salvationarmy.org/massachusetts/lawrence,gemini
The Salvation Army Lawrence Corps,Brighten the Holidays,,,https://easternusa.salvationarmy.org/massachusetts/lawrence,gemini
The Salvation Army Lawrence Corps,Empower Youth,,,https://easternusa.salvationarmy.org/massachusetts/lawrence,gemini
The Salvation Army Lawrence Corps,Help Disaster Survivors,,,https://easternusa.salvationarmy.org/massachusetts/lawrence,gemini
The Salvation Army Lawrence Corps,[OLD] Workforce Development,,,https://easternusa.salvationarmy.org/massachusetts/lawrence,gemini
The Salvation Army Lawrence Corps,[OLD] Faith-based Services,,,https://easternusa.salvationarmy.org/massachusetts/lawrence,gemini
The Salvation Army Lawrence Corps,[OLD] Food Insecurity,,,https://easternusa.salvationarmy.org/massachusetts/lawrence,gemini
The Salvation Army Lawrence Corps,[OLD] Housing Insecurity,,,https://easternusa.salvationarmy.org/massachusetts/lawrence,gemini
The Salvation Army Lawrence Corps,[OLD] Homelessness,,,https://easternusa.salvationarmy.org/massachusetts/lawrence,gemini
The Salvation Army Lawrence Corps,[OLD] Substance Use,,,https://easternusa.salvationarmy.org/massachusetts/lawrence,gemini
The Salvation Army Lawrence Corps,[OLD] Youth Development,,,https://easternusa.salvationarmy.org/massachusetts/lawrence,gemini
The Salvation Army Lawrence Corps,[OLD] Veterans Services,,,https://easternusa.salvationarmy.org/massachusetts/lawrence,gemini
The Salvation Army Lawrence Corps,[OLD] Emergency Assistance,,,https://easternusa.salvationarmy.org/massachusetts/lawrence,gemini
The Salvation Army Lawrence Corps,[MISSING — write in anything the site offers that's not listed],,,https://easternusa.salvationarmy.org/massachusetts/lawrence,gemini
Lazarus House Ministries,Food Pantry,,,https://lazarushouse.org/,gemini
Lazarus House Ministries,Soup Kitchen,,,https://lazarushouse.org/,gemini
Lazarus House Ministries,Thrift Store,,,https://lazarushouse.org/,gemini
Lazarus House Ministries,Emergency Shelter,,,https://lazarushouse.org/,gemini
Lazarus House Ministries,Community Resources,,,https://lazarushouse.org/,gemini
Lazarus House Ministries,Advocacy,,,https://lazarushouse.org/,gemini
Lazarus House Ministries,[OLD] Food Insecurity,,,https://lazarushouse.org/,gemini
Lazarus House Ministries,[OLD] Housing Insecurity,,,https://lazarushouse.org/,gemini
Lazarus House Ministries,[OLD] Homelessness,,,https://lazarushouse.org/,gemini
Lazarus House Ministries,[OLD] Emergency Shelter,,,https://lazarushouse.org/,gemini
Lazarus House Ministries,[OLD] Workforce Development,,,https://lazarushouse.org/,gemini
Lazarus House Ministries,[OLD] Food Pantry,,,https://lazarushouse.org/,gemini
Lazarus House Ministries,[MISSING — write in anything the site offers that's not listed],,,https://lazarushouse.org/,gemini
Si se puede!,Academic Enrichment & Homework Assistance,,,https://www.ssplawrence.org/,gemini
Si se puede!,Arts and Creative Activities,,,https://www.ssplawrence.org/,gemini
Si se puede!,Nutrition and Well-Being Programs,,,https://www.ssplawrence.org/,gemini
Si se puede!,Technology and Internet Access,,,https://www.ssplawrence.org/,gemini
Si se puede!,Field Trips,,,https://www.ssplawrence.org/,gemini
Si se puede!,Leadership Development,,,https://www.ssplawrence.org/,gemini
Si se puede!,Mentoring,,,https://www.ssplawrence.org/,gemini
Si se puede!,Career Exploration & Internships,,,https://www.ssplawrence.org/,gemini
Si se puede!,Community Service Programs,,,https://www.ssplawrence.org/,gemini
Si se puede!,Literacy Support,,,https://www.ssplawrence.org/,gemini
Si se puede!,Sports & Fitness Activities,,,https://www.ssplawrence.org/,gemini
Si se puede!,Social-Emotional Learning & Personal Growth,,,https://www.ssplawrence.org/,gemini
Si se puede!,[OLD] After School,,,https://www.ssplawrence.org/,gemini
Si se puede!,[OLD] Youth Development,,,https://www.ssplawrence.org/,gemini
Si se puede!,[OLD] Tutoring,,,https://www.ssplawrence.org/,gemini
Si se puede!,[OLD] Academic Support,,,https://www.ssplawrence.org/,gemini
Si se puede!,[MISSING — write in anything the site offers that's not listed],,,https://www.ssplawrence.org/,gemini
Greater Lawrence Technical School,Career and Technical Education Programs,,,https://www.glts.net/,gemini
Greater Lawrence Technical School,Adult Technical Training and Apprenticeship Programs,,,https://www.glts.net/,gemini
Greater Lawrence Technical School,School Counseling and Mental Wellness Services,,,https://www.glts.net/,gemini
Greater Lawrence Technical School,Student Health Services,,,https://www.glts.net/,gemini
Greater Lawrence Technical School,Student Food Services,,,https://www.glts.net/,gemini
Greater Lawrence Technical School,Athletic Programs and Summer Conditioning,,,https://www.glts.net/,gemini
Greater Lawrence Technical School,Automotive Repair and Collision Services (Public),,,https://www.glts.net/,gemini
Greater Lawrence Technical School,Restaurant Dining Services (Public),,,https://www.glts.net/,gemini
Greater Lawrence Technical School,Hair and Beauty Salon Services (Public),,,https://www.glts.net/,gemini
Greater Lawrence Technical School,Childcare Services,,,https://www.glts.net/,gemini
Greater Lawrence Technical School,English Learner Support Services,,,https://www.glts.net/,gemini
Greater Lawrence Technical School,GLTS Scholarship Programs,,,https://www.glts.net/,gemini
Greater Lawrence Technical School,[OLD] Education,,,https://www.glts.net/,gemini
Greater Lawrence Technical School,[OLD] Vocational Training,,,https://www.glts.net/,gemini
Greater Lawrence Technical School,[OLD] Workforce Development,,,https://www.glts.net/,gemini
Greater Lawrence Technical School,[OLD] Youth Development,,,https://www.glts.net/,gemini
Greater Lawrence Technical School,[OLD] Career Technical Education,,,https://www.glts.net/,gemini
Greater Lawrence Technical School,[MISSING — write in anything the site offers that's not listed],,,https://www.glts.net/,gemini
Lawrence Partnership,Venture Loan Fund,,,https://lawrencepartnership.org/,gemini
Lawrence Partnership,Technical Assistance Grants,,,https://lawrencepartnership.org/,gemini
Lawrence Partnership,MV Small Business Coalition,,,https://lawrencepartnership.org/,gemini
Lawrence Partnership,LP Network,,,https://lawrencepartnership.org/,gemini
Lawrence Partnership,Know Your City Series,,,https://lawrencepartnership.org/,gemini
Lawrence Partnership,Workforce Analysis,,,https://lawrencepartnership.org/,gemini
Lawrence Partnership,Local Job Connection,,,https://lawrencepartnership.org/,gemini
Lawrence Partnership,[OLD] Economic Development,,,https://lawrencepartnership.org/,gemini
Lawrence Partnership,[OLD] Workforce Development,,,https://lawrencepartnership.org/,gemini
Lawrence Partnership,[OLD] Business Development,,,https://lawrencepartnership.org/,gemini
Lawrence Partnership,[OLD] Job Creation,,,https://lawrencepartnership.org/,gemini
Lawrence Partnership,[MISSING — write in anything the site offers that's not listed],,,https://lawrencepartnership.org/,gemini
Community Giving Tree,Evening of Giving,,,https://www.communitygivingtree.org/,gemini
Community Giving Tree,October Fun Fest,,,https://www.communitygivingtree.org/,gemini
Community Giving Tree,Back to School Program,,,https://www.communitygivingtree.org/,gemini
Community Giving Tree,[OLD] Basic Needs,,,https://www.communitygivingtree.org/,gemini
Community Giving Tree,[OLD] Clothing,,,https://www.communitygivingtree.org/,gemini
Community Giving Tree,[OLD] Diapers,,,https://www.communitygivingtree.org/,gemini
Community Giving Tree,[OLD] Family Services,,,https://www.communitygivingtree.org/,gemini
Community Giving Tree,[OLD] Toy Drive,,,https://www.communitygivingtree.org/,gemini
Community Giving Tree,[MISSING — write in anything the site offers that's not listed],,,https://www.communitygivingtree.org/,gemini
